[14-Jan-2026 19:03:59 UTC] PHP Warning:  require_once(/Users/joanromero/Local Sites/cdc-gestion/app/public/wp-content/plugins/cdc-admin/includes/admin-pages/personas-page.php): Failed to open stream: No such file or directory in /Users/joanromero/Local Sites/cdc-gestion/app/public/wp-content/plugins/cdc-admin/cdc-admin.php on line 116
[14-Jan-2026 19:03:59 UTC] PHP Fatal error:  Uncaught Error: Failed opening required '/Users/joanromero/Local Sites/cdc-gestion/app/public/wp-content/plugins/cdc-admin/includes/admin-pages/personas-page.php' (include_path='.:/usr/share/php:/www/wp-content/pear') in /Users/joanromero/Local Sites/cdc-gestion/app/public/wp-content/plugins/cdc-admin/cdc-admin.php:116
Stack trace:
#0 /Users/joanromero/Local Sites/cdc-gestion/app/public/wp-content/plugins/cdc-admin/cdc-admin.php(70): CDC_Admin->load_dependencies()
#1 /Users/joanromero/Local Sites/cdc-gestion/app/public/wp-content/plugins/cdc-admin/cdc-admin.php(60): CDC_Admin->__construct()
#2 /Users/joanromero/Local Sites/cdc-gestion/app/public/wp-content/plugins/cdc-admin/cdc-admin.php(283): CDC_Admin::get_instance()
#3 /Users/joanromero/Local Sites/cdc-gestion/app/public/wp-content/plugins/cdc-admin/cdc-admin.php(287): cdc_admin_init()
#4 /Users/joanromero/Local Sites/cdc-gestion/app/public/wp-admin/includes/plugin.php(2400): include_once('/Users/joanrome...')
#5 /Users/joanromero/Local Sites/cdc-gestion/app/public/wp-admin/includes/plugin.php(673): plugin_sandbox_scrape('cdc-admin/cdc-a...')
#6 /Users/joanromero/Local Sites/cdc-gestion/app/public/wp-admin/plugins.php(60): activate_plugin('cdc-admin/cdc-a...', 'http://localhos...', false)
#7 {main}
  thrown in /Users/joanromero/Local Sites/cdc-gestion/app/public/wp-content/plugins/cdc-admin/cdc-admin.php on line 116
[14-Jan-2026 19:04:14 UTC] PHP Warning:  require_once(/Users/joanromero/Local Sites/cdc-gestion/app/public/wp-content/plugins/cdc-admin/includes/admin-pages/personas-page.php): Failed to open stream: No such file or directory in /Users/joanromero/Local Sites/cdc-gestion/app/public/wp-content/plugins/cdc-admin/cdc-admin.php on line 116
[14-Jan-2026 19:04:14 UTC] PHP Fatal error:  Uncaught Error: Failed opening required '/Users/joanromero/Local Sites/cdc-gestion/app/public/wp-content/plugins/cdc-admin/includes/admin-pages/personas-page.php' (include_path='.:/usr/share/php:/www/wp-content/pear') in /Users/joanromero/Local Sites/cdc-gestion/app/public/wp-content/plugins/cdc-admin/cdc-admin.php:116
Stack trace:
#0 /Users/joanromero/Local Sites/cdc-gestion/app/public/wp-content/plugins/cdc-admin/cdc-admin.php(70): CDC_Admin->load_dependencies()
#1 /Users/joanromero/Local Sites/cdc-gestion/app/public/wp-content/plugins/cdc-admin/cdc-admin.php(60): CDC_Admin->__construct()
#2 /Users/joanromero/Local Sites/cdc-gestion/app/public/wp-content/plugins/cdc-admin/cdc-admin.php(283): CDC_Admin::get_instance()
#3 /Users/joanromero/Local Sites/cdc-gestion/app/public/wp-content/plugins/cdc-admin/cdc-admin.php(287): cdc_admin_init()
#4 /Users/joanromero/Local Sites/cdc-gestion/app/public/wp-admin/includes/plugin.php(2400): include_once('/Users/joanrome...')
#5 /Users/joanromero/Local Sites/cdc-gestion/app/public/wp-admin/includes/plugin.php(673): plugin_sandbox_scrape('cdc-admin/cdc-a...')
#6 /Users/joanromero/Local Sites/cdc-gestion/app/public/wp-admin/plugins.php(60): activate_plugin('cdc-admin/cdc-a...', 'http://localhos...', false)
#7 {main}
  thrown in /Users/joanromero/Local Sites/cdc-gestion/app/public/wp-content/plugins/cdc-admin/cdc-admin.php on line 116
[14-Jan-2026 19:04:29 UTC] PHP Warning:  require_once(/Users/joanromero/Local Sites/cdc-gestion/app/public/wp-content/plugins/cdc-admin/includes/admin-pages/personas-page.php): Failed to open stream: No such file or directory in /Users/joanromero/Local Sites/cdc-gestion/app/public/wp-content/plugins/cdc-admin/cdc-admin.php on line 116
[14-Jan-2026 19:04:29 UTC] PHP Fatal error:  Uncaught Error: Failed opening required '/Users/joanromero/Local Sites/cdc-gestion/app/public/wp-content/plugins/cdc-admin/includes/admin-pages/personas-page.php' (include_path='.:/usr/share/php:/www/wp-content/pear') in /Users/joanromero/Local Sites/cdc-gestion/app/public/wp-content/plugins/cdc-admin/cdc-admin.php:116
Stack trace:
#0 /Users/joanromero/Local Sites/cdc-gestion/app/public/wp-content/plugins/cdc-admin/cdc-admin.php(70): CDC_Admin->load_dependencies()
#1 /Users/joanromero/Local Sites/cdc-gestion/app/public/wp-content/plugins/cdc-admin/cdc-admin.php(60): CDC_Admin->__construct()
#2 /Users/joanromero/Local Sites/cdc-gestion/app/public/wp-content/plugins/cdc-admin/cdc-admin.php(283): CDC_Admin::get_instance()
#3 /Users/joanromero/Local Sites/cdc-gestion/app/public/wp-content/plugins/cdc-admin/cdc-admin.php(287): cdc_admin_init()
#4 /Users/joanromero/Local Sites/cdc-gestion/app/public/wp-admin/includes/plugin.php(2400): include_once('/Users/joanrome...')
#5 /Users/joanromero/Local Sites/cdc-gestion/app/public/wp-admin/includes/plugin.php(673): plugin_sandbox_scrape('cdc-admin/cdc-a...')
#6 /Users/joanromero/Local Sites/cdc-gestion/app/public/wp-admin/plugins.php(60): activate_plugin('cdc-admin/cdc-a...', 'http://localhos...', false)
#7 {main}
  thrown in /Users/joanromero/Local Sites/cdc-gestion/app/public/wp-content/plugins/cdc-admin/cdc-admin.php on line 116
[14-Jan-2026 19:05:27 UTC] PHP Warning:  require_once(/Users/joanromero/Local Sites/cdc-gestion/app/public/wp-content/plugins/cdc-admin/includes/admin-pages/personas-page.php): Failed to open stream: No such file or directory in /Users/joanromero/Local Sites/cdc-gestion/app/public/wp-content/plugins/cdc-admin/cdc-admin.php on line 116
[14-Jan-2026 19:05:27 UTC] PHP Fatal error:  Uncaught Error: Failed opening required '/Users/joanromero/Local Sites/cdc-gestion/app/public/wp-content/plugins/cdc-admin/includes/admin-pages/personas-page.php' (include_path='.:/usr/share/php:/www/wp-content/pear') in /Users/joanromero/Local Sites/cdc-gestion/app/public/wp-content/plugins/cdc-admin/cdc-admin.php:116
Stack trace:
#0 /Users/joanromero/Local Sites/cdc-gestion/app/public/wp-content/plugins/cdc-admin/cdc-admin.php(70): CDC_Admin->load_dependencies()
#1 /Users/joanromero/Local Sites/cdc-gestion/app/public/wp-content/plugins/cdc-admin/cdc-admin.php(60): CDC_Admin->__construct()
#2 /Users/joanromero/Local Sites/cdc-gestion/app/public/wp-content/plugins/cdc-admin/cdc-admin.php(283): CDC_Admin::get_instance()
#3 /Users/joanromero/Local Sites/cdc-gestion/app/public/wp-content/plugins/cdc-admin/cdc-admin.php(287): cdc_admin_init()
#4 /Users/joanromero/Local Sites/cdc-gestion/app/public/wp-admin/includes/plugin.php(2400): include_once('/Users/joanrome...')
#5 /Users/joanromero/Local Sites/cdc-gestion/app/public/wp-admin/includes/plugin.php(673): plugin_sandbox_scrape('cdc-admin/cdc-a...')
#6 /Users/joanromero/Local Sites/cdc-gestion/app/public/wp-admin/plugins.php(60): activate_plugin('cdc-admin/cdc-a...', 'http://localhos...', false)
#7 {main}
  thrown in /Users/joanromero/Local Sites/cdc-gestion/app/public/wp-content/plugins/cdc-admin/cdc-admin.php on line 116
[16-Jan-2026 18:20:41 UTC] PHP Warning:  session_start(): Session cannot be started after headers have already been sent in /Users/joanromero/Local Sites/cdc-gestion/app/public/wp-content/themes/cdc-sistema/functions.php on line 109
[16-Jan-2026 18:21:42 UTC] PHP Warning:  session_start(): Session cannot be started after headers have already been sent in /Users/joanromero/Local Sites/cdc-gestion/app/public/wp-content/themes/cdc-sistema/functions.php on line 109
[16-Jan-2026 18:22:39 UTC] PHP Warning:  session_start(): Session cannot be started after headers have already been sent in /Users/joanromero/Local Sites/cdc-gestion/app/public/wp-content/themes/cdc-sistema/functions.php on line 109
[16-Jan-2026 18:23:40 UTC] PHP Warning:  session_start(): Session cannot be started after headers have already been sent in /Users/joanromero/Local Sites/cdc-gestion/app/public/wp-content/themes/cdc-sistema/functions.php on line 109
[16-Jan-2026 18:25:11 UTC] PHP Warning:  session_start(): Session cannot be started after headers have already been sent in /Users/joanromero/Local Sites/cdc-gestion/app/public/wp-content/themes/cdc-sistema/functions.php on line 109
[16-Jan-2026 18:25:40 UTC] PHP Warning:  session_start(): Session cannot be started after headers have already been sent in /Users/joanromero/Local Sites/cdc-gestion/app/public/wp-content/themes/cdc-sistema/functions.php on line 109
[16-Jan-2026 18:27:12 UTC] PHP Warning:  session_start(): Session cannot be started after headers have already been sent in /Users/joanromero/Local Sites/cdc-gestion/app/public/wp-content/themes/cdc-sistema/functions.php on line 109
[16-Jan-2026 18:27:41 UTC] PHP Warning:  session_start(): Session cannot be started after headers have already been sent in /Users/joanromero/Local Sites/cdc-gestion/app/public/wp-content/themes/cdc-sistema/functions.php on line 109
[16-Jan-2026 18:29:13 UTC] PHP Warning:  session_start(): Session cannot be started after headers have already been sent in /Users/joanromero/Local Sites/cdc-gestion/app/public/wp-content/themes/cdc-sistema/functions.php on line 109
[16-Jan-2026 18:29:42 UTC] PHP Warning:  session_start(): Session cannot be started after headers have already been sent in /Users/joanromero/Local Sites/cdc-gestion/app/public/wp-content/themes/cdc-sistema/functions.php on line 109
[16-Jan-2026 18:31:14 UTC] PHP Warning:  session_start(): Session cannot be started after headers have already been sent in /Users/joanromero/Local Sites/cdc-gestion/app/public/wp-content/themes/cdc-sistema/functions.php on line 109
[16-Jan-2026 18:31:43 UTC] PHP Warning:  session_start(): Session cannot be started after headers have already been sent in /Users/joanromero/Local Sites/cdc-gestion/app/public/wp-content/themes/cdc-sistema/functions.php on line 109
[16-Jan-2026 18:33:15 UTC] PHP Warning:  session_start(): Session cannot be started after headers have already been sent in /Users/joanromero/Local Sites/cdc-gestion/app/public/wp-content/themes/cdc-sistema/functions.php on line 109
[16-Jan-2026 18:33:44 UTC] PHP Warning:  session_start(): Session cannot be started after headers have already been sent in /Users/joanromero/Local Sites/cdc-gestion/app/public/wp-content/themes/cdc-sistema/functions.php on line 109
[16-Jan-2026 18:35:16 UTC] PHP Warning:  session_start(): Session cannot be started after headers have already been sent in /Users/joanromero/Local Sites/cdc-gestion/app/public/wp-content/themes/cdc-sistema/functions.php on line 109
[16-Jan-2026 18:35:45 UTC] PHP Warning:  session_start(): Session cannot be started after headers have already been sent in /Users/joanromero/Local Sites/cdc-gestion/app/public/wp-content/themes/cdc-sistema/functions.php on line 109
[16-Jan-2026 18:37:17 UTC] PHP Warning:  session_start(): Session cannot be started after headers have already been sent in /Users/joanromero/Local Sites/cdc-gestion/app/public/wp-content/themes/cdc-sistema/functions.php on line 109
[16-Jan-2026 18:37:46 UTC] PHP Warning:  session_start(): Session cannot be started after headers have already been sent in /Users/joanromero/Local Sites/cdc-gestion/app/public/wp-content/themes/cdc-sistema/functions.php on line 109
[16-Jan-2026 18:39:18 UTC] PHP Warning:  session_start(): Session cannot be started after headers have already been sent in /Users/joanromero/Local Sites/cdc-gestion/app/public/wp-content/themes/cdc-sistema/functions.php on line 109
[16-Jan-2026 18:39:47 UTC] PHP Warning:  session_start(): Session cannot be started after headers have already been sent in /Users/joanromero/Local Sites/cdc-gestion/app/public/wp-content/themes/cdc-sistema/functions.php on line 109
[16-Jan-2026 18:41:19 UTC] PHP Warning:  session_start(): Session cannot be started after headers have already been sent in /Users/joanromero/Local Sites/cdc-gestion/app/public/wp-content/themes/cdc-sistema/functions.php on line 109
[16-Jan-2026 18:41:48 UTC] PHP Warning:  session_start(): Session cannot be started after headers have already been sent in /Users/joanromero/Local Sites/cdc-gestion/app/public/wp-content/themes/cdc-sistema/functions.php on line 109
[16-Jan-2026 18:43:20 UTC] PHP Warning:  session_start(): Session cannot be started after headers have already been sent in /Users/joanromero/Local Sites/cdc-gestion/app/public/wp-content/themes/cdc-sistema/functions.php on line 109
[16-Jan-2026 18:43:49 UTC] PHP Warning:  session_start(): Session cannot be started after headers have already been sent in /Users/joanromero/Local Sites/cdc-gestion/app/public/wp-content/themes/cdc-sistema/functions.php on line 109
[16-Jan-2026 18:45:21 UTC] PHP Warning:  session_start(): Session cannot be started after headers have already been sent in /Users/joanromero/Local Sites/cdc-gestion/app/public/wp-content/themes/cdc-sistema/functions.php on line 109
[16-Jan-2026 18:45:50 UTC] PHP Warning:  session_start(): Session cannot be started after headers have already been sent in /Users/joanromero/Local Sites/cdc-gestion/app/public/wp-content/themes/cdc-sistema/functions.php on line 109
[16-Jan-2026 18:47:22 UTC] PHP Warning:  session_start(): Session cannot be started after headers have already been sent in /Users/joanromero/Local Sites/cdc-gestion/app/public/wp-content/themes/cdc-sistema/functions.php on line 109
[16-Jan-2026 18:47:51 UTC] PHP Warning:  session_start(): Session cannot be started after headers have already been sent in /Users/joanromero/Local Sites/cdc-gestion/app/public/wp-content/themes/cdc-sistema/functions.php on line 109
[16-Jan-2026 18:49:23 UTC] PHP Warning:  session_start(): Session cannot be started after headers have already been sent in /Users/joanromero/Local Sites/cdc-gestion/app/public/wp-content/themes/cdc-sistema/functions.php on line 109
[16-Jan-2026 18:49:52 UTC] PHP Warning:  session_start(): Session cannot be started after headers have already been sent in /Users/joanromero/Local Sites/cdc-gestion/app/public/wp-content/themes/cdc-sistema/functions.php on line 109
[16-Jan-2026 18:51:24 UTC] PHP Warning:  session_start(): Session cannot be started after headers have already been sent in /Users/joanromero/Local Sites/cdc-gestion/app/public/wp-content/themes/cdc-sistema/functions.php on line 109
[16-Jan-2026 18:51:53 UTC] PHP Warning:  session_start(): Session cannot be started after headers have already been sent in /Users/joanromero/Local Sites/cdc-gestion/app/public/wp-content/themes/cdc-sistema/functions.php on line 109
[16-Jan-2026 18:53:25 UTC] PHP Warning:  session_start(): Session cannot be started after headers have already been sent in /Users/joanromero/Local Sites/cdc-gestion/app/public/wp-content/themes/cdc-sistema/functions.php on line 109
[16-Jan-2026 18:53:54 UTC] PHP Warning:  session_start(): Session cannot be started after headers have already been sent in /Users/joanromero/Local Sites/cdc-gestion/app/public/wp-content/themes/cdc-sistema/functions.php on line 109
[16-Jan-2026 18:55:26 UTC] PHP Warning:  session_start(): Session cannot be started after headers have already been sent in /Users/joanromero/Local Sites/cdc-gestion/app/public/wp-content/themes/cdc-sistema/functions.php on line 109
[16-Jan-2026 18:55:55 UTC] PHP Warning:  session_start(): Session cannot be started after headers have already been sent in /Users/joanromero/Local Sites/cdc-gestion/app/public/wp-content/themes/cdc-sistema/functions.php on line 109
[16-Jan-2026 18:57:27 UTC] PHP Warning:  session_start(): Session cannot be started after headers have already been sent in /Users/joanromero/Local Sites/cdc-gestion/app/public/wp-content/themes/cdc-sistema/functions.php on line 109
[16-Jan-2026 18:57:56 UTC] PHP Warning:  require_once(/Users/joanromero/Local Sites/cdc-gestion/app/public/wp-content/themes/cdc-sistema/includes/auth.php): Failed to open stream: No such file or directory in /Users/joanromero/Local Sites/cdc-gestion/app/public/wp-content/themes/cdc-sistema/functions.php on line 19
[16-Jan-2026 18:57:56 UTC] PHP Fatal error:  Uncaught Error: Failed opening required '/Users/joanromero/Local Sites/cdc-gestion/app/public/wp-content/themes/cdc-sistema/includes/auth.php' (include_path='.:/usr/share/php:/www/wp-content/pear') in /Users/joanromero/Local Sites/cdc-gestion/app/public/wp-content/themes/cdc-sistema/functions.php:19
Stack trace:
#0 /Users/joanromero/Local Sites/cdc-gestion/app/public/wp-settings.php(710): include()
#1 /Users/joanromero/Local Sites/cdc-gestion/app/public/wp-config.php(103): require_once('/Users/joanrome...')
#2 /Users/joanromero/Local Sites/cdc-gestion/app/public/wp-load.php(50): require_once('/Users/joanrome...')
#3 /Users/joanromero/Local Sites/cdc-gestion/app/public/wp-admin/admin-ajax.php(22): require_once('/Users/joanrome...')
#4 {main}
  thrown in /Users/joanromero/Local Sites/cdc-gestion/app/public/wp-content/themes/cdc-sistema/functions.php on line 19
[16-Jan-2026 18:57:56 UTC] PHP Warning:  Trying to access array offset on value of type bool in /Users/joanromero/Local Sites/cdc-gestion/app/public/wp-includes/class-wp-recovery-mode-email-service.php on line 367
[16-Jan-2026 18:57:56 UTC] PHP Warning:  Trying to access array offset on value of type bool in /Users/joanromero/Local Sites/cdc-gestion/app/public/wp-includes/class-wp-recovery-mode-email-service.php on line 368
[16-Jan-2026 18:58:00 UTC] PHP Warning:  require_once(/Users/joanromero/Local Sites/cdc-gestion/app/public/wp-content/themes/cdc-sistema/includes/auth.php): Failed to open stream: No such file or directory in /Users/joanromero/Local Sites/cdc-gestion/app/public/wp-content/themes/cdc-sistema/functions.php on line 19
[16-Jan-2026 18:58:00 UTC] PHP Fatal error:  Uncaught Error: Failed opening required '/Users/joanromero/Local Sites/cdc-gestion/app/public/wp-content/themes/cdc-sistema/includes/auth.php' (include_path='.:/usr/share/php:/www/wp-content/pear') in /Users/joanromero/Local Sites/cdc-gestion/app/public/wp-content/themes/cdc-sistema/functions.php:19
Stack trace:
#0 /Users/joanromero/Local Sites/cdc-gestion/app/public/wp-settings.php(710): include()
#1 /Users/joanromero/Local Sites/cdc-gestion/app/public/wp-config.php(103): require_once('/Users/joanrome...')
#2 /Users/joanromero/Local Sites/cdc-gestion/app/public/wp-load.php(50): require_once('/Users/joanrome...')
#3 /Users/joanromero/Local Sites/cdc-gestion/app/public/wp-admin/admin-ajax.php(22): require_once('/Users/joanrome...')
#4 {main}
  thrown in /Users/joanromero/Local Sites/cdc-gestion/app/public/wp-content/themes/cdc-sistema/functions.php on line 19
[16-Jan-2026 19:10:32 UTC] PHP Fatal error:  Uncaught Error: Call to undefined function cdc_is_user_logged_in() in /Users/joanromero/Local Sites/cdc-gestion/app/public/wp-content/themes/cdc-sistema/index.php:16
Stack trace:
#0 /Users/joanromero/Local Sites/cdc-gestion/app/public/wp-includes/template-loader.php(125): include()
#1 /Users/joanromero/Local Sites/cdc-gestion/app/public/wp-blog-header.php(19): require_once('/Users/joanrome...')
#2 /Users/joanromero/Local Sites/cdc-gestion/app/public/index.php(17): require('/Users/joanrome...')
#3 {main}
  thrown in /Users/joanromero/Local Sites/cdc-gestion/app/public/wp-content/themes/cdc-sistema/index.php on line 16
[16-Jan-2026 19:10:39 UTC] PHP Fatal error:  Uncaught Error: Call to undefined function cdc_is_user_logged_in() in /Users/joanromero/Local Sites/cdc-gestion/app/public/wp-content/themes/cdc-sistema/index.php:16
Stack trace:
#0 /Users/joanromero/Local Sites/cdc-gestion/app/public/wp-includes/template-loader.php(125): include()
#1 /Users/joanromero/Local Sites/cdc-gestion/app/public/wp-blog-header.php(19): require_once('/Users/joanrome...')
#2 /Users/joanromero/Local Sites/cdc-gestion/app/public/index.php(17): require('/Users/joanrome...')
#3 {main}
  thrown in /Users/joanromero/Local Sites/cdc-gestion/app/public/wp-content/themes/cdc-sistema/index.php on line 16
[16-Jan-2026 19:10:43 UTC] PHP Fatal error:  Uncaught Error: Call to undefined function cdc_is_user_logged_in() in /Users/joanromero/Local Sites/cdc-gestion/app/public/wp-content/themes/cdc-sistema/index.php:16
Stack trace:
#0 /Users/joanromero/Local Sites/cdc-gestion/app/public/wp-includes/template-loader.php(125): include()
#1 /Users/joanromero/Local Sites/cdc-gestion/app/public/wp-blog-header.php(19): require_once('/Users/joanrome...')
#2 /Users/joanromero/Local Sites/cdc-gestion/app/public/index.php(17): require('/Users/joanrome...')
#3 {main}
  thrown in /Users/joanromero/Local Sites/cdc-gestion/app/public/wp-content/themes/cdc-sistema/index.php on line 16
[16-Jan-2026 19:29:54 UTC] PHP Fatal error:  Uncaught Error: Call to undefined function cdc_is_user_logged_in() in /Users/joanromero/Local Sites/cdc-gestion/app/public/wp-content/themes/cdc-sistema/index.php:16
Stack trace:
#0 /Users/joanromero/Local Sites/cdc-gestion/app/public/wp-includes/template-loader.php(125): include()
#1 /Users/joanromero/Local Sites/cdc-gestion/app/public/wp-blog-header.php(19): require_once('/Users/joanrome...')
#2 /Users/joanromero/Local Sites/cdc-gestion/app/public/index.php(17): require('/Users/joanrome...')
#3 {main}
  thrown in /Users/joanromero/Local Sites/cdc-gestion/app/public/wp-content/themes/cdc-sistema/index.php on line 16
[16-Jan-2026 19:30:55 UTC] PHP Fatal error:  Uncaught Error: Call to undefined function cdc_is_user_logged_in() in /Users/joanromero/Local Sites/cdc-gestion/app/public/wp-content/themes/cdc-sistema/index.php:16
Stack trace:
#0 /Users/joanromero/Local Sites/cdc-gestion/app/public/wp-includes/template-loader.php(125): include()
#1 /Users/joanromero/Local Sites/cdc-gestion/app/public/wp-blog-header.php(19): require_once('/Users/joanrome...')
#2 /Users/joanromero/Local Sites/cdc-gestion/app/public/index.php(17): require('/Users/joanrome...')
#3 {main}
  thrown in /Users/joanromero/Local Sites/cdc-gestion/app/public/wp-content/themes/cdc-sistema/index.php on line 16
[16-Jan-2026 19:31:13 UTC] PHP Fatal error:  Uncaught Error: Call to undefined function cdc_is_user_logged_in() in /Users/joanromero/Local Sites/cdc-gestion/app/public/wp-content/themes/cdc-sistema/index.php:16
Stack trace:
#0 /Users/joanromero/Local Sites/cdc-gestion/app/public/wp-includes/template-loader.php(125): include()
#1 /Users/joanromero/Local Sites/cdc-gestion/app/public/wp-blog-header.php(19): require_once('/Users/joanrome...')
#2 /Users/joanromero/Local Sites/cdc-gestion/app/public/index.php(17): require('/Users/joanrome...')
#3 {main}
  thrown in /Users/joanromero/Local Sites/cdc-gestion/app/public/wp-content/themes/cdc-sistema/index.php on line 16
[16-Jan-2026 20:02:05 UTC] PHP Warning:  require_once(../../../../../wp-load.php): Failed to open stream: No such file or directory in /Users/joanromero/Local Sites/cdc-gestion/app/public/wp-content/themes/cdc-sistema/create-pages.php on line 9
[16-Jan-2026 20:02:05 UTC] PHP Fatal error:  Uncaught Error: Failed opening required '../../../../../wp-load.php' (include_path='.:/usr/share/php:/www/wp-content/pear') in /Users/joanromero/Local Sites/cdc-gestion/app/public/wp-content/themes/cdc-sistema/create-pages.php:9
Stack trace:
#0 {main}
  thrown in /Users/joanromero/Local Sites/cdc-gestion/app/public/wp-content/themes/cdc-sistema/create-pages.php on line 9
[16-Jan-2026 20:03:28 UTC] PHP Warning:  require_once(../../../../../wp-load.php): Failed to open stream: No such file or directory in /Users/joanromero/Local Sites/cdc-gestion/app/public/wp-content/themes/cdc-sistema/create-pages.php on line 9
[16-Jan-2026 20:03:28 UTC] PHP Fatal error:  Uncaught Error: Failed opening required '../../../../../wp-load.php' (include_path='.:/usr/share/php:/www/wp-content/pear') in /Users/joanromero/Local Sites/cdc-gestion/app/public/wp-content/themes/cdc-sistema/create-pages.php:9
Stack trace:
#0 {main}
  thrown in /Users/joanromero/Local Sites/cdc-gestion/app/public/wp-content/themes/cdc-sistema/create-pages.php on line 9
[16-Jan-2026 20:07:27 UTC] PHP Warning:  require_once(../../../../../wp-load.php): Failed to open stream: No such file or directory in /Users/joanromero/Local Sites/cdc-gestion/app/public/wp-content/themes/cdc-sistema/diagnostico.php on line 8
[16-Jan-2026 20:07:27 UTC] PHP Fatal error:  Uncaught Error: Failed opening required '../../../../../wp-load.php' (include_path='.:/usr/share/php:/www/wp-content/pear') in /Users/joanromero/Local Sites/cdc-gestion/app/public/wp-content/themes/cdc-sistema/diagnostico.php:8
Stack trace:
#0 {main}
  thrown in /Users/joanromero/Local Sites/cdc-gestion/app/public/wp-content/themes/cdc-sistema/diagnostico.php on line 8
[16-Jan-2026 22:15:13 UTC] Cron reschedule event error for hook: action_scheduler_run_queue, Error code: could_not_set, Error message: The cron event list could not be saved., Data: {"schedule":"every_minute","args":["WP Cron"],"interval":60}
[16-Jan-2026 22:15:13 UTC] Cron unschedule event error for hook: action_scheduler_run_queue, Error code: could_not_set, Error message: The cron event list could not be saved., Data: {"schedule":"every_minute","args":["WP Cron"],"interval":60}
[19-Jan-2026 15:28:38 UTC] PHP Warning:  Cannot modify header information - headers already sent in /Users/joanromero/Local Sites/cdc-gestion/app/public/wp-includes/pluggable.php on line 1189
[19-Jan-2026 15:28:38 UTC] PHP Warning:  Cannot modify header information - headers already sent in /Users/joanromero/Local Sites/cdc-gestion/app/public/wp-includes/pluggable.php on line 1190
[19-Jan-2026 15:28:38 UTC] PHP Warning:  Cannot modify header information - headers already sent in /Users/joanromero/Local Sites/cdc-gestion/app/public/wp-includes/pluggable.php on line 1191
[19-Jan-2026 15:30:39 UTC] PHP Warning:  Cannot modify header information - headers already sent in /Users/joanromero/Local Sites/cdc-gestion/app/public/wp-includes/pluggable.php on line 1189
[19-Jan-2026 15:30:39 UTC] PHP Warning:  Cannot modify header information - headers already sent in /Users/joanromero/Local Sites/cdc-gestion/app/public/wp-includes/pluggable.php on line 1190
[19-Jan-2026 15:30:39 UTC] PHP Warning:  Cannot modify header information - headers already sent in /Users/joanromero/Local Sites/cdc-gestion/app/public/wp-includes/pluggable.php on line 1191
[19-Jan-2026 15:32:40 UTC] PHP Warning:  Cannot modify header information - headers already sent in /Users/joanromero/Local Sites/cdc-gestion/app/public/wp-includes/pluggable.php on line 1189
[19-Jan-2026 15:32:40 UTC] PHP Warning:  Cannot modify header information - headers already sent in /Users/joanromero/Local Sites/cdc-gestion/app/public/wp-includes/pluggable.php on line 1190
[19-Jan-2026 15:32:40 UTC] PHP Warning:  Cannot modify header information - headers already sent in /Users/joanromero/Local Sites/cdc-gestion/app/public/wp-includes/pluggable.php on line 1191
[19-Jan-2026 15:34:41 UTC] PHP Warning:  Cannot modify header information - headers already sent in /Users/joanromero/Local Sites/cdc-gestion/app/public/wp-includes/pluggable.php on line 1189
[19-Jan-2026 15:34:41 UTC] PHP Warning:  Cannot modify header information - headers already sent in /Users/joanromero/Local Sites/cdc-gestion/app/public/wp-includes/pluggable.php on line 1190
[19-Jan-2026 15:34:41 UTC] PHP Warning:  Cannot modify header information - headers already sent in /Users/joanromero/Local Sites/cdc-gestion/app/public/wp-includes/pluggable.php on line 1191
[19-Jan-2026 15:36:42 UTC] PHP Warning:  Cannot modify header information - headers already sent in /Users/joanromero/Local Sites/cdc-gestion/app/public/wp-includes/pluggable.php on line 1189
[19-Jan-2026 15:36:42 UTC] PHP Warning:  Cannot modify header information - headers already sent in /Users/joanromero/Local Sites/cdc-gestion/app/public/wp-includes/pluggable.php on line 1190
[19-Jan-2026 15:36:42 UTC] PHP Warning:  Cannot modify header information - headers already sent in /Users/joanromero/Local Sites/cdc-gestion/app/public/wp-includes/pluggable.php on line 1191
[19-Jan-2026 15:38:43 UTC] PHP Warning:  Cannot modify header information - headers already sent in /Users/joanromero/Local Sites/cdc-gestion/app/public/wp-includes/pluggable.php on line 1189
[19-Jan-2026 15:38:43 UTC] PHP Warning:  Cannot modify header information - headers already sent in /Users/joanromero/Local Sites/cdc-gestion/app/public/wp-includes/pluggable.php on line 1190
[19-Jan-2026 15:38:43 UTC] PHP Warning:  Cannot modify header information - headers already sent in /Users/joanromero/Local Sites/cdc-gestion/app/public/wp-includes/pluggable.php on line 1191
[19-Jan-2026 15:40:44 UTC] PHP Warning:  Cannot modify header information - headers already sent in /Users/joanromero/Local Sites/cdc-gestion/app/public/wp-includes/pluggable.php on line 1189
[19-Jan-2026 15:40:44 UTC] PHP Warning:  Cannot modify header information - headers already sent in /Users/joanromero/Local Sites/cdc-gestion/app/public/wp-includes/pluggable.php on line 1190
[19-Jan-2026 15:40:44 UTC] PHP Warning:  Cannot modify header information - headers already sent in /Users/joanromero/Local Sites/cdc-gestion/app/public/wp-includes/pluggable.php on line 1191
[19-Jan-2026 15:42:45 UTC] PHP Warning:  Cannot modify header information - headers already sent in /Users/joanromero/Local Sites/cdc-gestion/app/public/wp-includes/pluggable.php on line 1189
[19-Jan-2026 15:42:45 UTC] PHP Warning:  Cannot modify header information - headers already sent in /Users/joanromero/Local Sites/cdc-gestion/app/public/wp-includes/pluggable.php on line 1190
[19-Jan-2026 15:42:45 UTC] PHP Warning:  Cannot modify header information - headers already sent in /Users/joanromero/Local Sites/cdc-gestion/app/public/wp-includes/pluggable.php on line 1191
[19-Jan-2026 16:01:14 UTC] PHP Warning:  Cannot modify header information - headers already sent in /Users/joanromero/Local Sites/cdc-gestion/app/public/wp-includes/pluggable.php on line 1189
[19-Jan-2026 16:01:14 UTC] PHP Warning:  Cannot modify header information - headers already sent in /Users/joanromero/Local Sites/cdc-gestion/app/public/wp-includes/pluggable.php on line 1190
[19-Jan-2026 16:01:14 UTC] PHP Warning:  Cannot modify header information - headers already sent in /Users/joanromero/Local Sites/cdc-gestion/app/public/wp-includes/pluggable.php on line 1191
[19-Jan-2026 16:05:51 UTC] PHP Warning:  Cannot modify header information - headers already sent in /Users/joanromero/Local Sites/cdc-gestion/app/public/wp-includes/pluggable.php on line 1189
[19-Jan-2026 16:05:51 UTC] PHP Warning:  Cannot modify header information - headers already sent in /Users/joanromero/Local Sites/cdc-gestion/app/public/wp-includes/pluggable.php on line 1190
[19-Jan-2026 16:05:51 UTC] PHP Warning:  Cannot modify header information - headers already sent in /Users/joanromero/Local Sites/cdc-gestion/app/public/wp-includes/pluggable.php on line 1191
[19-Jan-2026 16:07:51 UTC] PHP Warning:  Cannot modify header information - headers already sent in /Users/joanromero/Local Sites/cdc-gestion/app/public/wp-includes/pluggable.php on line 1189
[19-Jan-2026 16:07:51 UTC] PHP Warning:  Cannot modify header information - headers already sent in /Users/joanromero/Local Sites/cdc-gestion/app/public/wp-includes/pluggable.php on line 1190
[19-Jan-2026 16:07:51 UTC] PHP Warning:  Cannot modify header information - headers already sent in /Users/joanromero/Local Sites/cdc-gestion/app/public/wp-includes/pluggable.php on line 1191
[19-Jan-2026 16:09:52 UTC] PHP Warning:  Cannot modify header information - headers already sent in /Users/joanromero/Local Sites/cdc-gestion/app/public/wp-includes/pluggable.php on line 1189
[19-Jan-2026 16:09:52 UTC] PHP Warning:  Cannot modify header information - headers already sent in /Users/joanromero/Local Sites/cdc-gestion/app/public/wp-includes/pluggable.php on line 1190
[19-Jan-2026 16:09:52 UTC] PHP Warning:  Cannot modify header information - headers already sent in /Users/joanromero/Local Sites/cdc-gestion/app/public/wp-includes/pluggable.php on line 1191
[19-Jan-2026 16:11:56 UTC] PHP Warning:  Cannot modify header information - headers already sent in /Users/joanromero/Local Sites/cdc-gestion/app/public/wp-includes/pluggable.php on line 1189
[19-Jan-2026 16:11:56 UTC] PHP Warning:  Cannot modify header information - headers already sent in /Users/joanromero/Local Sites/cdc-gestion/app/public/wp-includes/pluggable.php on line 1190
[19-Jan-2026 16:11:56 UTC] PHP Warning:  Cannot modify header information - headers already sent in /Users/joanromero/Local Sites/cdc-gestion/app/public/wp-includes/pluggable.php on line 1191
[19-Jan-2026 16:13:54 UTC] PHP Warning:  Cannot modify header information - headers already sent in /Users/joanromero/Local Sites/cdc-gestion/app/public/wp-includes/pluggable.php on line 1189
[19-Jan-2026 16:13:54 UTC] PHP Warning:  Cannot modify header information - headers already sent in /Users/joanromero/Local Sites/cdc-gestion/app/public/wp-includes/pluggable.php on line 1190
[19-Jan-2026 16:13:54 UTC] PHP Warning:  Cannot modify header information - headers already sent in /Users/joanromero/Local Sites/cdc-gestion/app/public/wp-includes/pluggable.php on line 1191
[19-Jan-2026 16:15:55 UTC] PHP Warning:  Cannot modify header information - headers already sent in /Users/joanromero/Local Sites/cdc-gestion/app/public/wp-includes/pluggable.php on line 1189
[19-Jan-2026 16:15:55 UTC] PHP Warning:  Cannot modify header information - headers already sent in /Users/joanromero/Local Sites/cdc-gestion/app/public/wp-includes/pluggable.php on line 1190
[19-Jan-2026 16:15:55 UTC] PHP Warning:  Cannot modify header information - headers already sent in /Users/joanromero/Local Sites/cdc-gestion/app/public/wp-includes/pluggable.php on line 1191
[19-Jan-2026 16:33:18 UTC] PHP Warning:  Cannot modify header information - headers already sent in /Users/joanromero/Local Sites/cdc-gestion/app/public/wp-includes/pluggable.php on line 1189
[19-Jan-2026 16:33:18 UTC] PHP Warning:  Cannot modify header information - headers already sent in /Users/joanromero/Local Sites/cdc-gestion/app/public/wp-includes/pluggable.php on line 1190
[19-Jan-2026 16:33:18 UTC] PHP Warning:  Cannot modify header information - headers already sent in /Users/joanromero/Local Sites/cdc-gestion/app/public/wp-includes/pluggable.php on line 1191
[19-Jan-2026 17:02:38 UTC] PHP Warning:  Cannot modify header information - headers already sent in /Users/joanromero/Local Sites/cdc-gestion/app/public/wp-includes/pluggable.php on line 1189
[19-Jan-2026 17:02:38 UTC] PHP Warning:  Cannot modify header information - headers already sent in /Users/joanromero/Local Sites/cdc-gestion/app/public/wp-includes/pluggable.php on line 1190
[19-Jan-2026 17:02:38 UTC] PHP Warning:  Cannot modify header information - headers already sent in /Users/joanromero/Local Sites/cdc-gestion/app/public/wp-includes/pluggable.php on line 1191
[19-Jan-2026 17:04:39 UTC] PHP Warning:  Cannot modify header information - headers already sent in /Users/joanromero/Local Sites/cdc-gestion/app/public/wp-includes/pluggable.php on line 1189
[19-Jan-2026 17:04:39 UTC] PHP Warning:  Cannot modify header information - headers already sent in /Users/joanromero/Local Sites/cdc-gestion/app/public/wp-includes/pluggable.php on line 1190
[19-Jan-2026 17:04:39 UTC] PHP Warning:  Cannot modify header information - headers already sent in /Users/joanromero/Local Sites/cdc-gestion/app/public/wp-includes/pluggable.php on line 1191
[19-Jan-2026 17:06:39 UTC] PHP Warning:  Cannot modify header information - headers already sent in /Users/joanromero/Local Sites/cdc-gestion/app/public/wp-includes/pluggable.php on line 1189
[19-Jan-2026 17:06:39 UTC] PHP Warning:  Cannot modify header information - headers already sent in /Users/joanromero/Local Sites/cdc-gestion/app/public/wp-includes/pluggable.php on line 1190
[19-Jan-2026 17:06:39 UTC] PHP Warning:  Cannot modify header information - headers already sent in /Users/joanromero/Local Sites/cdc-gestion/app/public/wp-includes/pluggable.php on line 1191
[19-Jan-2026 17:08:42 UTC] PHP Warning:  Cannot modify header information - headers already sent in /Users/joanromero/Local Sites/cdc-gestion/app/public/wp-includes/pluggable.php on line 1189
[19-Jan-2026 17:08:42 UTC] PHP Warning:  Cannot modify header information - headers already sent in /Users/joanromero/Local Sites/cdc-gestion/app/public/wp-includes/pluggable.php on line 1190
[19-Jan-2026 17:08:42 UTC] PHP Warning:  Cannot modify header information - headers already sent in /Users/joanromero/Local Sites/cdc-gestion/app/public/wp-includes/pluggable.php on line 1191
[19-Jan-2026 17:10:43 UTC] PHP Warning:  Cannot modify header information - headers already sent in /Users/joanromero/Local Sites/cdc-gestion/app/public/wp-includes/pluggable.php on line 1189
[19-Jan-2026 17:10:43 UTC] PHP Warning:  Cannot modify header information - headers already sent in /Users/joanromero/Local Sites/cdc-gestion/app/public/wp-includes/pluggable.php on line 1190
[19-Jan-2026 17:10:43 UTC] PHP Warning:  Cannot modify header information - headers already sent in /Users/joanromero/Local Sites/cdc-gestion/app/public/wp-includes/pluggable.php on line 1191
[19-Jan-2026 17:12:46 UTC] PHP Warning:  Cannot modify header information - headers already sent in /Users/joanromero/Local Sites/cdc-gestion/app/public/wp-includes/pluggable.php on line 1189
[19-Jan-2026 17:12:46 UTC] PHP Warning:  Cannot modify header information - headers already sent in /Users/joanromero/Local Sites/cdc-gestion/app/public/wp-includes/pluggable.php on line 1190
[19-Jan-2026 17:12:46 UTC] PHP Warning:  Cannot modify header information - headers already sent in /Users/joanromero/Local Sites/cdc-gestion/app/public/wp-includes/pluggable.php on line 1191
[19-Jan-2026 17:14:45 UTC] PHP Warning:  Cannot modify header information - headers already sent in /Users/joanromero/Local Sites/cdc-gestion/app/public/wp-includes/pluggable.php on line 1189
[19-Jan-2026 17:14:45 UTC] PHP Warning:  Cannot modify header information - headers already sent in /Users/joanromero/Local Sites/cdc-gestion/app/public/wp-includes/pluggable.php on line 1190
[19-Jan-2026 17:14:45 UTC] PHP Warning:  Cannot modify header information - headers already sent in /Users/joanromero/Local Sites/cdc-gestion/app/public/wp-includes/pluggable.php on line 1191
[19-Jan-2026 17:16:46 UTC] PHP Warning:  Cannot modify header information - headers already sent in /Users/joanromero/Local Sites/cdc-gestion/app/public/wp-includes/pluggable.php on line 1189
[19-Jan-2026 17:16:46 UTC] PHP Warning:  Cannot modify header information - headers already sent in /Users/joanromero/Local Sites/cdc-gestion/app/public/wp-includes/pluggable.php on line 1190
[19-Jan-2026 17:16:46 UTC] PHP Warning:  Cannot modify header information - headers already sent in /Users/joanromero/Local Sites/cdc-gestion/app/public/wp-includes/pluggable.php on line 1191
[19-Jan-2026 17:18:47 UTC] PHP Warning:  Cannot modify header information - headers already sent in /Users/joanromero/Local Sites/cdc-gestion/app/public/wp-includes/pluggable.php on line 1189
[19-Jan-2026 17:18:47 UTC] PHP Warning:  Cannot modify header information - headers already sent in /Users/joanromero/Local Sites/cdc-gestion/app/public/wp-includes/pluggable.php on line 1190
[19-Jan-2026 17:18:47 UTC] PHP Warning:  Cannot modify header information - headers already sent in /Users/joanromero/Local Sites/cdc-gestion/app/public/wp-includes/pluggable.php on line 1191
[19-Jan-2026 17:20:48 UTC] PHP Warning:  Cannot modify header information - headers already sent in /Users/joanromero/Local Sites/cdc-gestion/app/public/wp-includes/pluggable.php on line 1189
[19-Jan-2026 17:20:48 UTC] PHP Warning:  Cannot modify header information - headers already sent in /Users/joanromero/Local Sites/cdc-gestion/app/public/wp-includes/pluggable.php on line 1190
[19-Jan-2026 17:20:48 UTC] PHP Warning:  Cannot modify header information - headers already sent in /Users/joanromero/Local Sites/cdc-gestion/app/public/wp-includes/pluggable.php on line 1191
[19-Jan-2026 17:22:49 UTC] PHP Warning:  Cannot modify header information - headers already sent in /Users/joanromero/Local Sites/cdc-gestion/app/public/wp-includes/pluggable.php on line 1189
[19-Jan-2026 17:22:49 UTC] PHP Warning:  Cannot modify header information - headers already sent in /Users/joanromero/Local Sites/cdc-gestion/app/public/wp-includes/pluggable.php on line 1190
[19-Jan-2026 17:22:49 UTC] PHP Warning:  Cannot modify header information - headers already sent in /Users/joanromero/Local Sites/cdc-gestion/app/public/wp-includes/pluggable.php on line 1191
[19-Jan-2026 17:24:50 UTC] PHP Warning:  Cannot modify header information - headers already sent in /Users/joanromero/Local Sites/cdc-gestion/app/public/wp-includes/pluggable.php on line 1189
[19-Jan-2026 17:24:50 UTC] PHP Warning:  Cannot modify header information - headers already sent in /Users/joanromero/Local Sites/cdc-gestion/app/public/wp-includes/pluggable.php on line 1190
[19-Jan-2026 17:24:50 UTC] PHP Warning:  Cannot modify header information - headers already sent in /Users/joanromero/Local Sites/cdc-gestion/app/public/wp-includes/pluggable.php on line 1191
[19-Jan-2026 17:26:51 UTC] PHP Warning:  Cannot modify header information - headers already sent in /Users/joanromero/Local Sites/cdc-gestion/app/public/wp-includes/pluggable.php on line 1189
[19-Jan-2026 17:26:51 UTC] PHP Warning:  Cannot modify header information - headers already sent in /Users/joanromero/Local Sites/cdc-gestion/app/public/wp-includes/pluggable.php on line 1190
[19-Jan-2026 17:26:51 UTC] PHP Warning:  Cannot modify header information - headers already sent in /Users/joanromero/Local Sites/cdc-gestion/app/public/wp-includes/pluggable.php on line 1191
[19-Jan-2026 17:29:46 UTC] PHP Warning:  Cannot modify header information - headers already sent in /Users/joanromero/Local Sites/cdc-gestion/app/public/wp-includes/pluggable.php on line 1189
[19-Jan-2026 17:29:46 UTC] PHP Warning:  Cannot modify header information - headers already sent in /Users/joanromero/Local Sites/cdc-gestion/app/public/wp-includes/pluggable.php on line 1190
[19-Jan-2026 17:29:46 UTC] PHP Warning:  Cannot modify header information - headers already sent in /Users/joanromero/Local Sites/cdc-gestion/app/public/wp-includes/pluggable.php on line 1191
[19-Jan-2026 17:31:47 UTC] PHP Warning:  Cannot modify header information - headers already sent in /Users/joanromero/Local Sites/cdc-gestion/app/public/wp-includes/pluggable.php on line 1189
[19-Jan-2026 17:31:47 UTC] PHP Warning:  Cannot modify header information - headers already sent in /Users/joanromero/Local Sites/cdc-gestion/app/public/wp-includes/pluggable.php on line 1190
[19-Jan-2026 17:31:47 UTC] PHP Warning:  Cannot modify header information - headers already sent in /Users/joanromero/Local Sites/cdc-gestion/app/public/wp-includes/pluggable.php on line 1191
[19-Jan-2026 17:33:48 UTC] PHP Warning:  Cannot modify header information - headers already sent in /Users/joanromero/Local Sites/cdc-gestion/app/public/wp-includes/pluggable.php on line 1189
[19-Jan-2026 17:33:48 UTC] PHP Warning:  Cannot modify header information - headers already sent in /Users/joanromero/Local Sites/cdc-gestion/app/public/wp-includes/pluggable.php on line 1190
[19-Jan-2026 17:33:48 UTC] PHP Warning:  Cannot modify header information - headers already sent in /Users/joanromero/Local Sites/cdc-gestion/app/public/wp-includes/pluggable.php on line 1191
[19-Jan-2026 17:35:49 UTC] PHP Warning:  Cannot modify header information - headers already sent in /Users/joanromero/Local Sites/cdc-gestion/app/public/wp-includes/pluggable.php on line 1189
[19-Jan-2026 17:35:49 UTC] PHP Warning:  Cannot modify header information - headers already sent in /Users/joanromero/Local Sites/cdc-gestion/app/public/wp-includes/pluggable.php on line 1190
[19-Jan-2026 17:35:49 UTC] PHP Warning:  Cannot modify header information - headers already sent in /Users/joanromero/Local Sites/cdc-gestion/app/public/wp-includes/pluggable.php on line 1191
[19-Jan-2026 17:37:50 UTC] PHP Warning:  Cannot modify header information - headers already sent in /Users/joanromero/Local Sites/cdc-gestion/app/public/wp-includes/pluggable.php on line 1189
[19-Jan-2026 17:37:50 UTC] PHP Warning:  Cannot modify header information - headers already sent in /Users/joanromero/Local Sites/cdc-gestion/app/public/wp-includes/pluggable.php on line 1190
[19-Jan-2026 17:37:50 UTC] PHP Warning:  Cannot modify header information - headers already sent in /Users/joanromero/Local Sites/cdc-gestion/app/public/wp-includes/pluggable.php on line 1191
[19-Jan-2026 17:39:51 UTC] PHP Warning:  Cannot modify header information - headers already sent in /Users/joanromero/Local Sites/cdc-gestion/app/public/wp-includes/pluggable.php on line 1189
[19-Jan-2026 17:39:51 UTC] PHP Warning:  Cannot modify header information - headers already sent in /Users/joanromero/Local Sites/cdc-gestion/app/public/wp-includes/pluggable.php on line 1190
[19-Jan-2026 17:39:51 UTC] PHP Warning:  Cannot modify header information - headers already sent in /Users/joanromero/Local Sites/cdc-gestion/app/public/wp-includes/pluggable.php on line 1191
[19-Jan-2026 17:41:52 UTC] PHP Warning:  Cannot modify header information - headers already sent in /Users/joanromero/Local Sites/cdc-gestion/app/public/wp-includes/pluggable.php on line 1189
[19-Jan-2026 17:41:52 UTC] PHP Warning:  Cannot modify header information - headers already sent in /Users/joanromero/Local Sites/cdc-gestion/app/public/wp-includes/pluggable.php on line 1190
[19-Jan-2026 17:41:52 UTC] PHP Warning:  Cannot modify header information - headers already sent in /Users/joanromero/Local Sites/cdc-gestion/app/public/wp-includes/pluggable.php on line 1191
[19-Jan-2026 17:43:53 UTC] PHP Warning:  Cannot modify header information - headers already sent in /Users/joanromero/Local Sites/cdc-gestion/app/public/wp-includes/pluggable.php on line 1189
[19-Jan-2026 17:43:53 UTC] PHP Warning:  Cannot modify header information - headers already sent in /Users/joanromero/Local Sites/cdc-gestion/app/public/wp-includes/pluggable.php on line 1190
[19-Jan-2026 17:43:53 UTC] PHP Warning:  Cannot modify header information - headers already sent in /Users/joanromero/Local Sites/cdc-gestion/app/public/wp-includes/pluggable.php on line 1191
[19-Jan-2026 17:45:54 UTC] PHP Warning:  Cannot modify header information - headers already sent in /Users/joanromero/Local Sites/cdc-gestion/app/public/wp-includes/pluggable.php on line 1189
[19-Jan-2026 17:45:54 UTC] PHP Warning:  Cannot modify header information - headers already sent in /Users/joanromero/Local Sites/cdc-gestion/app/public/wp-includes/pluggable.php on line 1190
[19-Jan-2026 17:45:54 UTC] PHP Warning:  Cannot modify header information - headers already sent in /Users/joanromero/Local Sites/cdc-gestion/app/public/wp-includes/pluggable.php on line 1191
[19-Jan-2026 17:47:55 UTC] PHP Warning:  Cannot modify header information - headers already sent in /Users/joanromero/Local Sites/cdc-gestion/app/public/wp-includes/pluggable.php on line 1189
[19-Jan-2026 17:47:55 UTC] PHP Warning:  Cannot modify header information - headers already sent in /Users/joanromero/Local Sites/cdc-gestion/app/public/wp-includes/pluggable.php on line 1190
[19-Jan-2026 17:47:55 UTC] PHP Warning:  Cannot modify header information - headers already sent in /Users/joanromero/Local Sites/cdc-gestion/app/public/wp-includes/pluggable.php on line 1191
[19-Jan-2026 17:49:56 UTC] PHP Warning:  Cannot modify header information - headers already sent in /Users/joanromero/Local Sites/cdc-gestion/app/public/wp-includes/pluggable.php on line 1189
[19-Jan-2026 17:49:56 UTC] PHP Warning:  Cannot modify header information - headers already sent in /Users/joanromero/Local Sites/cdc-gestion/app/public/wp-includes/pluggable.php on line 1190
[19-Jan-2026 17:49:56 UTC] PHP Warning:  Cannot modify header information - headers already sent in /Users/joanromero/Local Sites/cdc-gestion/app/public/wp-includes/pluggable.php on line 1191
[19-Jan-2026 17:51:57 UTC] PHP Warning:  Cannot modify header information - headers already sent in /Users/joanromero/Local Sites/cdc-gestion/app/public/wp-includes/pluggable.php on line 1189
[19-Jan-2026 17:51:57 UTC] PHP Warning:  Cannot modify header information - headers already sent in /Users/joanromero/Local Sites/cdc-gestion/app/public/wp-includes/pluggable.php on line 1190
[19-Jan-2026 17:51:57 UTC] PHP Warning:  Cannot modify header information - headers already sent in /Users/joanromero/Local Sites/cdc-gestion/app/public/wp-includes/pluggable.php on line 1191
[19-Jan-2026 17:53:58 UTC] PHP Warning:  Cannot modify header information - headers already sent in /Users/joanromero/Local Sites/cdc-gestion/app/public/wp-includes/pluggable.php on line 1189
[19-Jan-2026 17:53:58 UTC] PHP Warning:  Cannot modify header information - headers already sent in /Users/joanromero/Local Sites/cdc-gestion/app/public/wp-includes/pluggable.php on line 1190
[19-Jan-2026 17:53:58 UTC] PHP Warning:  Cannot modify header information - headers already sent in /Users/joanromero/Local Sites/cdc-gestion/app/public/wp-includes/pluggable.php on line 1191
[19-Jan-2026 17:55:59 UTC] PHP Warning:  Cannot modify header information - headers already sent in /Users/joanromero/Local Sites/cdc-gestion/app/public/wp-includes/pluggable.php on line 1189
[19-Jan-2026 17:55:59 UTC] PHP Warning:  Cannot modify header information - headers already sent in /Users/joanromero/Local Sites/cdc-gestion/app/public/wp-includes/pluggable.php on line 1190
[19-Jan-2026 17:55:59 UTC] PHP Warning:  Cannot modify header information - headers already sent in /Users/joanromero/Local Sites/cdc-gestion/app/public/wp-includes/pluggable.php on line 1191
[19-Jan-2026 17:58:00 UTC] PHP Warning:  Cannot modify header information - headers already sent in /Users/joanromero/Local Sites/cdc-gestion/app/public/wp-includes/pluggable.php on line 1189
[19-Jan-2026 17:58:00 UTC] PHP Warning:  Cannot modify header information - headers already sent in /Users/joanromero/Local Sites/cdc-gestion/app/public/wp-includes/pluggable.php on line 1190
[19-Jan-2026 17:58:00 UTC] PHP Warning:  Cannot modify header information - headers already sent in /Users/joanromero/Local Sites/cdc-gestion/app/public/wp-includes/pluggable.php on line 1191
[19-Jan-2026 18:00:01 UTC] PHP Warning:  Cannot modify header information - headers already sent in /Users/joanromero/Local Sites/cdc-gestion/app/public/wp-includes/pluggable.php on line 1189
[19-Jan-2026 18:00:01 UTC] PHP Warning:  Cannot modify header information - headers already sent in /Users/joanromero/Local Sites/cdc-gestion/app/public/wp-includes/pluggable.php on line 1190
[19-Jan-2026 18:00:01 UTC] PHP Warning:  Cannot modify header information - headers already sent in /Users/joanromero/Local Sites/cdc-gestion/app/public/wp-includes/pluggable.php on line 1191
[19-Jan-2026 18:02:04 UTC] PHP Warning:  Cannot modify header information - headers already sent in /Users/joanromero/Local Sites/cdc-gestion/app/public/wp-includes/pluggable.php on line 1189
[19-Jan-2026 18:02:04 UTC] PHP Warning:  Cannot modify header information - headers already sent in /Users/joanromero/Local Sites/cdc-gestion/app/public/wp-includes/pluggable.php on line 1190
[19-Jan-2026 18:02:04 UTC] PHP Warning:  Cannot modify header information - headers already sent in /Users/joanromero/Local Sites/cdc-gestion/app/public/wp-includes/pluggable.php on line 1191
[19-Jan-2026 18:04:03 UTC] PHP Warning:  Cannot modify header information - headers already sent in /Users/joanromero/Local Sites/cdc-gestion/app/public/wp-includes/pluggable.php on line 1189
[19-Jan-2026 18:04:03 UTC] PHP Warning:  Cannot modify header information - headers already sent in /Users/joanromero/Local Sites/cdc-gestion/app/public/wp-includes/pluggable.php on line 1190
[19-Jan-2026 18:04:03 UTC] PHP Warning:  Cannot modify header information - headers already sent in /Users/joanromero/Local Sites/cdc-gestion/app/public/wp-includes/pluggable.php on line 1191
[19-Jan-2026 18:06:04 UTC] PHP Warning:  Cannot modify header information - headers already sent in /Users/joanromero/Local Sites/cdc-gestion/app/public/wp-includes/pluggable.php on line 1189
[19-Jan-2026 18:06:04 UTC] PHP Warning:  Cannot modify header information - headers already sent in /Users/joanromero/Local Sites/cdc-gestion/app/public/wp-includes/pluggable.php on line 1190
[19-Jan-2026 18:06:04 UTC] PHP Warning:  Cannot modify header information - headers already sent in /Users/joanromero/Local Sites/cdc-gestion/app/public/wp-includes/pluggable.php on line 1191
[19-Jan-2026 18:08:05 UTC] PHP Warning:  Cannot modify header information - headers already sent in /Users/joanromero/Local Sites/cdc-gestion/app/public/wp-includes/pluggable.php on line 1189
[19-Jan-2026 18:08:05 UTC] PHP Warning:  Cannot modify header information - headers already sent in /Users/joanromero/Local Sites/cdc-gestion/app/public/wp-includes/pluggable.php on line 1190
[19-Jan-2026 18:08:05 UTC] PHP Warning:  Cannot modify header information - headers already sent in /Users/joanromero/Local Sites/cdc-gestion/app/public/wp-includes/pluggable.php on line 1191
[19-Jan-2026 18:10:06 UTC] PHP Warning:  Cannot modify header information - headers already sent in /Users/joanromero/Local Sites/cdc-gestion/app/public/wp-includes/pluggable.php on line 1189
[19-Jan-2026 18:10:06 UTC] PHP Warning:  Cannot modify header information - headers already sent in /Users/joanromero/Local Sites/cdc-gestion/app/public/wp-includes/pluggable.php on line 1190
[19-Jan-2026 18:10:06 UTC] PHP Warning:  Cannot modify header information - headers already sent in /Users/joanromero/Local Sites/cdc-gestion/app/public/wp-includes/pluggable.php on line 1191
[19-Jan-2026 18:12:07 UTC] PHP Warning:  Cannot modify header information - headers already sent in /Users/joanromero/Local Sites/cdc-gestion/app/public/wp-includes/pluggable.php on line 1189
[19-Jan-2026 18:12:07 UTC] PHP Warning:  Cannot modify header information - headers already sent in /Users/joanromero/Local Sites/cdc-gestion/app/public/wp-includes/pluggable.php on line 1190
[19-Jan-2026 18:12:07 UTC] PHP Warning:  Cannot modify header information - headers already sent in /Users/joanromero/Local Sites/cdc-gestion/app/public/wp-includes/pluggable.php on line 1191
[19-Jan-2026 18:22:38 UTC] PHP Warning:  Cannot modify header information - headers already sent in /Users/joanromero/Local Sites/cdc-gestion/app/public/wp-includes/pluggable.php on line 1189
[19-Jan-2026 18:22:38 UTC] PHP Warning:  Cannot modify header information - headers already sent in /Users/joanromero/Local Sites/cdc-gestion/app/public/wp-includes/pluggable.php on line 1190
[19-Jan-2026 18:22:38 UTC] PHP Warning:  Cannot modify header information - headers already sent in /Users/joanromero/Local Sites/cdc-gestion/app/public/wp-includes/pluggable.php on line 1191
[19-Jan-2026 18:24:37 UTC] PHP Warning:  Cannot modify header information - headers already sent in /Users/joanromero/Local Sites/cdc-gestion/app/public/wp-includes/pluggable.php on line 1189
[19-Jan-2026 18:24:37 UTC] PHP Warning:  Cannot modify header information - headers already sent in /Users/joanromero/Local Sites/cdc-gestion/app/public/wp-includes/pluggable.php on line 1190
[19-Jan-2026 18:24:37 UTC] PHP Warning:  Cannot modify header information - headers already sent in /Users/joanromero/Local Sites/cdc-gestion/app/public/wp-includes/pluggable.php on line 1191
[19-Jan-2026 18:26:38 UTC] PHP Warning:  Cannot modify header information - headers already sent in /Users/joanromero/Local Sites/cdc-gestion/app/public/wp-includes/pluggable.php on line 1189
[19-Jan-2026 18:26:38 UTC] PHP Warning:  Cannot modify header information - headers already sent in /Users/joanromero/Local Sites/cdc-gestion/app/public/wp-includes/pluggable.php on line 1190
[19-Jan-2026 18:26:38 UTC] PHP Warning:  Cannot modify header information - headers already sent in /Users/joanromero/Local Sites/cdc-gestion/app/public/wp-includes/pluggable.php on line 1191
[19-Jan-2026 18:28:39 UTC] PHP Warning:  Cannot modify header information - headers already sent in /Users/joanromero/Local Sites/cdc-gestion/app/public/wp-includes/pluggable.php on line 1189
[19-Jan-2026 18:28:39 UTC] PHP Warning:  Cannot modify header information - headers already sent in /Users/joanromero/Local Sites/cdc-gestion/app/public/wp-includes/pluggable.php on line 1190
[19-Jan-2026 18:28:39 UTC] PHP Warning:  Cannot modify header information - headers already sent in /Users/joanromero/Local Sites/cdc-gestion/app/public/wp-includes/pluggable.php on line 1191
[19-Jan-2026 18:32:56 UTC] PHP Warning:  Cannot modify header information - headers already sent in /Users/joanromero/Local Sites/cdc-gestion/app/public/wp-includes/pluggable.php on line 1189
[19-Jan-2026 18:32:56 UTC] PHP Warning:  Cannot modify header information - headers already sent in /Users/joanromero/Local Sites/cdc-gestion/app/public/wp-includes/pluggable.php on line 1190
[19-Jan-2026 18:32:56 UTC] PHP Warning:  Cannot modify header information - headers already sent in /Users/joanromero/Local Sites/cdc-gestion/app/public/wp-includes/pluggable.php on line 1191
[19-Jan-2026 18:34:57 UTC] PHP Warning:  Cannot modify header information - headers already sent in /Users/joanromero/Local Sites/cdc-gestion/app/public/wp-includes/pluggable.php on line 1189
[19-Jan-2026 18:34:57 UTC] PHP Warning:  Cannot modify header information - headers already sent in /Users/joanromero/Local Sites/cdc-gestion/app/public/wp-includes/pluggable.php on line 1190
[19-Jan-2026 18:34:57 UTC] PHP Warning:  Cannot modify header information - headers already sent in /Users/joanromero/Local Sites/cdc-gestion/app/public/wp-includes/pluggable.php on line 1191
[19-Jan-2026 18:36:58 UTC] PHP Warning:  Cannot modify header information - headers already sent in /Users/joanromero/Local Sites/cdc-gestion/app/public/wp-includes/pluggable.php on line 1189
[19-Jan-2026 18:36:58 UTC] PHP Warning:  Cannot modify header information - headers already sent in /Users/joanromero/Local Sites/cdc-gestion/app/public/wp-includes/pluggable.php on line 1190
[19-Jan-2026 18:36:58 UTC] PHP Warning:  Cannot modify header information - headers already sent in /Users/joanromero/Local Sites/cdc-gestion/app/public/wp-includes/pluggable.php on line 1191
[19-Jan-2026 18:39:27 UTC] PHP Warning:  Cannot modify header information - headers already sent in /Users/joanromero/Local Sites/cdc-gestion/app/public/wp-includes/pluggable.php on line 1189
[19-Jan-2026 18:39:27 UTC] PHP Warning:  Cannot modify header information - headers already sent in /Users/joanromero/Local Sites/cdc-gestion/app/public/wp-includes/pluggable.php on line 1190
[19-Jan-2026 18:39:27 UTC] PHP Warning:  Cannot modify header information - headers already sent in /Users/joanromero/Local Sites/cdc-gestion/app/public/wp-includes/pluggable.php on line 1191
[19-Jan-2026 18:41:28 UTC] PHP Warning:  Cannot modify header information - headers already sent in /Users/joanromero/Local Sites/cdc-gestion/app/public/wp-includes/pluggable.php on line 1189
[19-Jan-2026 18:41:28 UTC] PHP Warning:  Cannot modify header information - headers already sent in /Users/joanromero/Local Sites/cdc-gestion/app/public/wp-includes/pluggable.php on line 1190
[19-Jan-2026 18:41:28 UTC] PHP Warning:  Cannot modify header information - headers already sent in /Users/joanromero/Local Sites/cdc-gestion/app/public/wp-includes/pluggable.php on line 1191
[19-Jan-2026 18:43:29 UTC] PHP Warning:  Cannot modify header information - headers already sent in /Users/joanromero/Local Sites/cdc-gestion/app/public/wp-includes/pluggable.php on line 1189
[19-Jan-2026 18:43:29 UTC] PHP Warning:  Cannot modify header information - headers already sent in /Users/joanromero/Local Sites/cdc-gestion/app/public/wp-includes/pluggable.php on line 1190
[19-Jan-2026 18:43:29 UTC] PHP Warning:  Cannot modify header information - headers already sent in /Users/joanromero/Local Sites/cdc-gestion/app/public/wp-includes/pluggable.php on line 1191
[19-Jan-2026 18:45:30 UTC] PHP Warning:  Cannot modify header information - headers already sent in /Users/joanromero/Local Sites/cdc-gestion/app/public/wp-includes/pluggable.php on line 1189
[19-Jan-2026 18:45:30 UTC] PHP Warning:  Cannot modify header information - headers already sent in /Users/joanromero/Local Sites/cdc-gestion/app/public/wp-includes/pluggable.php on line 1190
[19-Jan-2026 18:45:30 UTC] PHP Warning:  Cannot modify header information - headers already sent in /Users/joanromero/Local Sites/cdc-gestion/app/public/wp-includes/pluggable.php on line 1191
[19-Jan-2026 18:47:31 UTC] PHP Warning:  Cannot modify header information - headers already sent in /Users/joanromero/Local Sites/cdc-gestion/app/public/wp-includes/pluggable.php on line 1189
[19-Jan-2026 18:47:31 UTC] PHP Warning:  Cannot modify header information - headers already sent in /Users/joanromero/Local Sites/cdc-gestion/app/public/wp-includes/pluggable.php on line 1190
[19-Jan-2026 18:47:31 UTC] PHP Warning:  Cannot modify header information - headers already sent in /Users/joanromero/Local Sites/cdc-gestion/app/public/wp-includes/pluggable.php on line 1191
[19-Jan-2026 18:49:32 UTC] PHP Warning:  Cannot modify header information - headers already sent in /Users/joanromero/Local Sites/cdc-gestion/app/public/wp-includes/pluggable.php on line 1189
[19-Jan-2026 18:49:32 UTC] PHP Warning:  Cannot modify header information - headers already sent in /Users/joanromero/Local Sites/cdc-gestion/app/public/wp-includes/pluggable.php on line 1190
[19-Jan-2026 18:49:32 UTC] PHP Warning:  Cannot modify header information - headers already sent in /Users/joanromero/Local Sites/cdc-gestion/app/public/wp-includes/pluggable.php on line 1191
[19-Jan-2026 18:51:33 UTC] PHP Warning:  Cannot modify header information - headers already sent in /Users/joanromero/Local Sites/cdc-gestion/app/public/wp-includes/pluggable.php on line 1189
[19-Jan-2026 18:51:33 UTC] PHP Warning:  Cannot modify header information - headers already sent in /Users/joanromero/Local Sites/cdc-gestion/app/public/wp-includes/pluggable.php on line 1190
[19-Jan-2026 18:51:33 UTC] PHP Warning:  Cannot modify header information - headers already sent in /Users/joanromero/Local Sites/cdc-gestion/app/public/wp-includes/pluggable.php on line 1191
[19-Jan-2026 18:53:34 UTC] PHP Warning:  Cannot modify header information - headers already sent in /Users/joanromero/Local Sites/cdc-gestion/app/public/wp-includes/pluggable.php on line 1189
[19-Jan-2026 18:53:34 UTC] PHP Warning:  Cannot modify header information - headers already sent in /Users/joanromero/Local Sites/cdc-gestion/app/public/wp-includes/pluggable.php on line 1190
[19-Jan-2026 18:53:34 UTC] PHP Warning:  Cannot modify header information - headers already sent in /Users/joanromero/Local Sites/cdc-gestion/app/public/wp-includes/pluggable.php on line 1191
[19-Jan-2026 18:55:35 UTC] PHP Warning:  Cannot modify header information - headers already sent in /Users/joanromero/Local Sites/cdc-gestion/app/public/wp-includes/pluggable.php on line 1189
[19-Jan-2026 18:55:35 UTC] PHP Warning:  Cannot modify header information - headers already sent in /Users/joanromero/Local Sites/cdc-gestion/app/public/wp-includes/pluggable.php on line 1190
[19-Jan-2026 18:55:35 UTC] PHP Warning:  Cannot modify header information - headers already sent in /Users/joanromero/Local Sites/cdc-gestion/app/public/wp-includes/pluggable.php on line 1191
[19-Jan-2026 18:57:36 UTC] PHP Warning:  Cannot modify header information - headers already sent in /Users/joanromero/Local Sites/cdc-gestion/app/public/wp-includes/pluggable.php on line 1189
[19-Jan-2026 18:57:36 UTC] PHP Warning:  Cannot modify header information - headers already sent in /Users/joanromero/Local Sites/cdc-gestion/app/public/wp-includes/pluggable.php on line 1190
[19-Jan-2026 18:57:36 UTC] PHP Warning:  Cannot modify header information - headers already sent in /Users/joanromero/Local Sites/cdc-gestion/app/public/wp-includes/pluggable.php on line 1191
[19-Jan-2026 18:59:37 UTC] PHP Warning:  Cannot modify header information - headers already sent in /Users/joanromero/Local Sites/cdc-gestion/app/public/wp-includes/pluggable.php on line 1189
[19-Jan-2026 18:59:37 UTC] PHP Warning:  Cannot modify header information - headers already sent in /Users/joanromero/Local Sites/cdc-gestion/app/public/wp-includes/pluggable.php on line 1190
[19-Jan-2026 18:59:37 UTC] PHP Warning:  Cannot modify header information - headers already sent in /Users/joanromero/Local Sites/cdc-gestion/app/public/wp-includes/pluggable.php on line 1191
[19-Jan-2026 19:01:38 UTC] PHP Warning:  Cannot modify header information - headers already sent in /Users/joanromero/Local Sites/cdc-gestion/app/public/wp-includes/pluggable.php on line 1189
[19-Jan-2026 19:01:38 UTC] PHP Warning:  Cannot modify header information - headers already sent in /Users/joanromero/Local Sites/cdc-gestion/app/public/wp-includes/pluggable.php on line 1190
[19-Jan-2026 19:01:38 UTC] PHP Warning:  Cannot modify header information - headers already sent in /Users/joanromero/Local Sites/cdc-gestion/app/public/wp-includes/pluggable.php on line 1191
[19-Jan-2026 19:03:39 UTC] PHP Warning:  Cannot modify header information - headers already sent in /Users/joanromero/Local Sites/cdc-gestion/app/public/wp-includes/pluggable.php on line 1189
[19-Jan-2026 19:03:39 UTC] PHP Warning:  Cannot modify header information - headers already sent in /Users/joanromero/Local Sites/cdc-gestion/app/public/wp-includes/pluggable.php on line 1190
[19-Jan-2026 19:03:39 UTC] PHP Warning:  Cannot modify header information - headers already sent in /Users/joanromero/Local Sites/cdc-gestion/app/public/wp-includes/pluggable.php on line 1191
[19-Jan-2026 19:05:40 UTC] PHP Warning:  Cannot modify header information - headers already sent in /Users/joanromero/Local Sites/cdc-gestion/app/public/wp-includes/pluggable.php on line 1189
[19-Jan-2026 19:05:40 UTC] PHP Warning:  Cannot modify header information - headers already sent in /Users/joanromero/Local Sites/cdc-gestion/app/public/wp-includes/pluggable.php on line 1190
[19-Jan-2026 19:05:40 UTC] PHP Warning:  Cannot modify header information - headers already sent in /Users/joanromero/Local Sites/cdc-gestion/app/public/wp-includes/pluggable.php on line 1191
[19-Jan-2026 19:07:41 UTC] PHP Warning:  Cannot modify header information - headers already sent in /Users/joanromero/Local Sites/cdc-gestion/app/public/wp-includes/pluggable.php on line 1189
[19-Jan-2026 19:07:41 UTC] PHP Warning:  Cannot modify header information - headers already sent in /Users/joanromero/Local Sites/cdc-gestion/app/public/wp-includes/pluggable.php on line 1190
[19-Jan-2026 19:07:41 UTC] PHP Warning:  Cannot modify header information - headers already sent in /Users/joanromero/Local Sites/cdc-gestion/app/public/wp-includes/pluggable.php on line 1191
[19-Jan-2026 19:09:42 UTC] PHP Warning:  Cannot modify header information - headers already sent in /Users/joanromero/Local Sites/cdc-gestion/app/public/wp-includes/pluggable.php on line 1189
[19-Jan-2026 19:09:42 UTC] PHP Warning:  Cannot modify header information - headers already sent in /Users/joanromero/Local Sites/cdc-gestion/app/public/wp-includes/pluggable.php on line 1190
[19-Jan-2026 19:09:42 UTC] PHP Warning:  Cannot modify header information - headers already sent in /Users/joanromero/Local Sites/cdc-gestion/app/public/wp-includes/pluggable.php on line 1191
[19-Jan-2026 19:11:43 UTC] PHP Warning:  Cannot modify header information - headers already sent in /Users/joanromero/Local Sites/cdc-gestion/app/public/wp-includes/pluggable.php on line 1189
[19-Jan-2026 19:11:43 UTC] PHP Warning:  Cannot modify header information - headers already sent in /Users/joanromero/Local Sites/cdc-gestion/app/public/wp-includes/pluggable.php on line 1190
[19-Jan-2026 19:11:43 UTC] PHP Warning:  Cannot modify header information - headers already sent in /Users/joanromero/Local Sites/cdc-gestion/app/public/wp-includes/pluggable.php on line 1191
[19-Jan-2026 19:13:44 UTC] PHP Warning:  Cannot modify header information - headers already sent in /Users/joanromero/Local Sites/cdc-gestion/app/public/wp-includes/pluggable.php on line 1189
[19-Jan-2026 19:13:44 UTC] PHP Warning:  Cannot modify header information - headers already sent in /Users/joanromero/Local Sites/cdc-gestion/app/public/wp-includes/pluggable.php on line 1190
[19-Jan-2026 19:13:44 UTC] PHP Warning:  Cannot modify header information - headers already sent in /Users/joanromero/Local Sites/cdc-gestion/app/public/wp-includes/pluggable.php on line 1191
[19-Jan-2026 19:16:43 UTC] PHP Warning:  Cannot modify header information - headers already sent in /Users/joanromero/Local Sites/cdc-gestion/app/public/wp-includes/pluggable.php on line 1189
[19-Jan-2026 19:16:43 UTC] PHP Warning:  Cannot modify header information - headers already sent in /Users/joanromero/Local Sites/cdc-gestion/app/public/wp-includes/pluggable.php on line 1190
[19-Jan-2026 19:16:43 UTC] PHP Warning:  Cannot modify header information - headers already sent in /Users/joanromero/Local Sites/cdc-gestion/app/public/wp-includes/pluggable.php on line 1191
[19-Jan-2026 19:18:44 UTC] PHP Warning:  Cannot modify header information - headers already sent in /Users/joanromero/Local Sites/cdc-gestion/app/public/wp-includes/pluggable.php on line 1189
[19-Jan-2026 19:18:44 UTC] PHP Warning:  Cannot modify header information - headers already sent in /Users/joanromero/Local Sites/cdc-gestion/app/public/wp-includes/pluggable.php on line 1190
[19-Jan-2026 19:18:44 UTC] PHP Warning:  Cannot modify header information - headers already sent in /Users/joanromero/Local Sites/cdc-gestion/app/public/wp-includes/pluggable.php on line 1191
[19-Jan-2026 19:20:45 UTC] PHP Warning:  Cannot modify header information - headers already sent in /Users/joanromero/Local Sites/cdc-gestion/app/public/wp-includes/pluggable.php on line 1189
[19-Jan-2026 19:20:45 UTC] PHP Warning:  Cannot modify header information - headers already sent in /Users/joanromero/Local Sites/cdc-gestion/app/public/wp-includes/pluggable.php on line 1190
[19-Jan-2026 19:20:45 UTC] PHP Warning:  Cannot modify header information - headers already sent in /Users/joanromero/Local Sites/cdc-gestion/app/public/wp-includes/pluggable.php on line 1191
[19-Jan-2026 19:22:48 UTC] PHP Warning:  Cannot modify header information - headers already sent in /Users/joanromero/Local Sites/cdc-gestion/app/public/wp-includes/pluggable.php on line 1189
[19-Jan-2026 19:22:48 UTC] PHP Warning:  Cannot modify header information - headers already sent in /Users/joanromero/Local Sites/cdc-gestion/app/public/wp-includes/pluggable.php on line 1190
[19-Jan-2026 19:22:48 UTC] PHP Warning:  Cannot modify header information - headers already sent in /Users/joanromero/Local Sites/cdc-gestion/app/public/wp-includes/pluggable.php on line 1191
[19-Jan-2026 19:26:24 UTC] PHP Warning:  Cannot modify header information - headers already sent in /Users/joanromero/Local Sites/cdc-gestion/app/public/wp-includes/pluggable.php on line 1189
[19-Jan-2026 19:26:24 UTC] PHP Warning:  Cannot modify header information - headers already sent in /Users/joanromero/Local Sites/cdc-gestion/app/public/wp-includes/pluggable.php on line 1190
[19-Jan-2026 19:26:24 UTC] PHP Warning:  Cannot modify header information - headers already sent in /Users/joanromero/Local Sites/cdc-gestion/app/public/wp-includes/pluggable.php on line 1191
[19-Jan-2026 19:28:25 UTC] PHP Warning:  Cannot modify header information - headers already sent in /Users/joanromero/Local Sites/cdc-gestion/app/public/wp-includes/pluggable.php on line 1189
[19-Jan-2026 19:28:25 UTC] PHP Warning:  Cannot modify header information - headers already sent in /Users/joanromero/Local Sites/cdc-gestion/app/public/wp-includes/pluggable.php on line 1190
[19-Jan-2026 19:28:25 UTC] PHP Warning:  Cannot modify header information - headers already sent in /Users/joanromero/Local Sites/cdc-gestion/app/public/wp-includes/pluggable.php on line 1191
[19-Jan-2026 19:31:56 UTC] PHP Warning:  Cannot modify header information - headers already sent in /Users/joanromero/Local Sites/cdc-gestion/app/public/wp-includes/pluggable.php on line 1189
[19-Jan-2026 19:31:56 UTC] PHP Warning:  Cannot modify header information - headers already sent in /Users/joanromero/Local Sites/cdc-gestion/app/public/wp-includes/pluggable.php on line 1190
[19-Jan-2026 19:31:56 UTC] PHP Warning:  Cannot modify header information - headers already sent in /Users/joanromero/Local Sites/cdc-gestion/app/public/wp-includes/pluggable.php on line 1191
[19-Jan-2026 19:33:57 UTC] PHP Warning:  Cannot modify header information - headers already sent in /Users/joanromero/Local Sites/cdc-gestion/app/public/wp-includes/pluggable.php on line 1189
[19-Jan-2026 19:33:57 UTC] PHP Warning:  Cannot modify header information - headers already sent in /Users/joanromero/Local Sites/cdc-gestion/app/public/wp-includes/pluggable.php on line 1190
[19-Jan-2026 19:33:57 UTC] PHP Warning:  Cannot modify header information - headers already sent in /Users/joanromero/Local Sites/cdc-gestion/app/public/wp-includes/pluggable.php on line 1191
[19-Jan-2026 19:34:40 UTC] PHP Warning:  Cannot modify header information - headers already sent in /Users/joanromero/Local Sites/cdc-gestion/app/public/wp-includes/pluggable.php on line 1189
[19-Jan-2026 19:34:40 UTC] PHP Warning:  Cannot modify header information - headers already sent in /Users/joanromero/Local Sites/cdc-gestion/app/public/wp-includes/pluggable.php on line 1190
[19-Jan-2026 19:34:40 UTC] PHP Warning:  Cannot modify header information - headers already sent in /Users/joanromero/Local Sites/cdc-gestion/app/public/wp-includes/pluggable.php on line 1191
[19-Jan-2026 19:35:58 UTC] PHP Warning:  Cannot modify header information - headers already sent in /Users/joanromero/Local Sites/cdc-gestion/app/public/wp-includes/pluggable.php on line 1189
[19-Jan-2026 19:35:58 UTC] PHP Warning:  Cannot modify header information - headers already sent in /Users/joanromero/Local Sites/cdc-gestion/app/public/wp-includes/pluggable.php on line 1190
[19-Jan-2026 19:35:58 UTC] PHP Warning:  Cannot modify header information - headers already sent in /Users/joanromero/Local Sites/cdc-gestion/app/public/wp-includes/pluggable.php on line 1191
[19-Jan-2026 19:37:59 UTC] PHP Warning:  Cannot modify header information - headers already sent in /Users/joanromero/Local Sites/cdc-gestion/app/public/wp-includes/pluggable.php on line 1189
[19-Jan-2026 19:37:59 UTC] PHP Warning:  Cannot modify header information - headers already sent in /Users/joanromero/Local Sites/cdc-gestion/app/public/wp-includes/pluggable.php on line 1190
[19-Jan-2026 19:37:59 UTC] PHP Warning:  Cannot modify header information - headers already sent in /Users/joanromero/Local Sites/cdc-gestion/app/public/wp-includes/pluggable.php on line 1191
[19-Jan-2026 19:40:00 UTC] PHP Warning:  Cannot modify header information - headers already sent in /Users/joanromero/Local Sites/cdc-gestion/app/public/wp-includes/pluggable.php on line 1189
[19-Jan-2026 19:40:00 UTC] PHP Warning:  Cannot modify header information - headers already sent in /Users/joanromero/Local Sites/cdc-gestion/app/public/wp-includes/pluggable.php on line 1190
[19-Jan-2026 19:40:00 UTC] PHP Warning:  Cannot modify header information - headers already sent in /Users/joanromero/Local Sites/cdc-gestion/app/public/wp-includes/pluggable.php on line 1191
[19-Jan-2026 19:40:40 UTC] PHP Warning:  Cannot modify header information - headers already sent in /Users/joanromero/Local Sites/cdc-gestion/app/public/wp-includes/pluggable.php on line 1189
[19-Jan-2026 19:40:40 UTC] PHP Warning:  Cannot modify header information - headers already sent in /Users/joanromero/Local Sites/cdc-gestion/app/public/wp-includes/pluggable.php on line 1189
[19-Jan-2026 19:40:40 UTC] PHP Warning:  Cannot modify header information - headers already sent in /Users/joanromero/Local Sites/cdc-gestion/app/public/wp-includes/pluggable.php on line 1190
[19-Jan-2026 19:40:40 UTC] PHP Warning:  Cannot modify header information - headers already sent in /Users/joanromero/Local Sites/cdc-gestion/app/public/wp-includes/pluggable.php on line 1190
[19-Jan-2026 19:40:40 UTC] PHP Warning:  Cannot modify header information - headers already sent in /Users/joanromero/Local Sites/cdc-gestion/app/public/wp-includes/pluggable.php on line 1191
[19-Jan-2026 19:40:40 UTC] PHP Warning:  Cannot modify header information - headers already sent in /Users/joanromero/Local Sites/cdc-gestion/app/public/wp-includes/pluggable.php on line 1191
[19-Jan-2026 19:42:01 UTC] PHP Warning:  Cannot modify header information - headers already sent in /Users/joanromero/Local Sites/cdc-gestion/app/public/wp-includes/pluggable.php on line 1189
[19-Jan-2026 19:42:01 UTC] PHP Warning:  Cannot modify header information - headers already sent in /Users/joanromero/Local Sites/cdc-gestion/app/public/wp-includes/pluggable.php on line 1190
[19-Jan-2026 19:42:01 UTC] PHP Warning:  Cannot modify header information - headers already sent in /Users/joanromero/Local Sites/cdc-gestion/app/public/wp-includes/pluggable.php on line 1191
[19-Jan-2026 19:43:54 UTC] PHP Warning:  Cannot modify header information - headers already sent in /Users/joanromero/Local Sites/cdc-gestion/app/public/wp-includes/pluggable.php on line 1189
[19-Jan-2026 19:43:54 UTC] PHP Warning:  Cannot modify header information - headers already sent in /Users/joanromero/Local Sites/cdc-gestion/app/public/wp-includes/pluggable.php on line 1190
[19-Jan-2026 19:43:54 UTC] PHP Warning:  Cannot modify header information - headers already sent in /Users/joanromero/Local Sites/cdc-gestion/app/public/wp-includes/pluggable.php on line 1191
[19-Jan-2026 19:47:07 UTC] PHP Warning:  Cannot modify header information - headers already sent in /Users/joanromero/Local Sites/cdc-gestion/app/public/wp-includes/pluggable.php on line 1189
[19-Jan-2026 19:47:07 UTC] PHP Warning:  Cannot modify header information - headers already sent in /Users/joanromero/Local Sites/cdc-gestion/app/public/wp-includes/pluggable.php on line 1190
[19-Jan-2026 19:47:07 UTC] PHP Warning:  Cannot modify header information - headers already sent in /Users/joanromero/Local Sites/cdc-gestion/app/public/wp-includes/pluggable.php on line 1191
[19-Jan-2026 20:44:38 UTC] PHP Warning:  Cannot modify header information - headers already sent in /Users/joanromero/Local Sites/cdc-gestion/app/public/wp-includes/pluggable.php on line 1189
[19-Jan-2026 20:44:38 UTC] PHP Warning:  Cannot modify header information - headers already sent in /Users/joanromero/Local Sites/cdc-gestion/app/public/wp-includes/pluggable.php on line 1190
[19-Jan-2026 20:44:38 UTC] PHP Warning:  Cannot modify header information - headers already sent in /Users/joanromero/Local Sites/cdc-gestion/app/public/wp-includes/pluggable.php on line 1191
[19-Jan-2026 22:03:04 UTC] PHP Warning:  Cannot modify header information - headers already sent in /Users/joanromero/Local Sites/cdc-gestion/app/public/wp-includes/pluggable.php on line 1189
[19-Jan-2026 22:03:04 UTC] PHP Warning:  Cannot modify header information - headers already sent in /Users/joanromero/Local Sites/cdc-gestion/app/public/wp-includes/pluggable.php on line 1190
[19-Jan-2026 22:03:04 UTC] PHP Warning:  Cannot modify header information - headers already sent in /Users/joanromero/Local Sites/cdc-gestion/app/public/wp-includes/pluggable.php on line 1191
[19-Jan-2026 22:19:32 UTC] PHP Warning:  Cannot modify header information - headers already sent in /Users/joanromero/Local Sites/cdc-gestion/app/public/wp-includes/pluggable.php on line 1189
[19-Jan-2026 22:19:32 UTC] PHP Warning:  Cannot modify header information - headers already sent in /Users/joanromero/Local Sites/cdc-gestion/app/public/wp-includes/pluggable.php on line 1190
[19-Jan-2026 22:19:32 UTC] PHP Warning:  Cannot modify header information - headers already sent in /Users/joanromero/Local Sites/cdc-gestion/app/public/wp-includes/pluggable.php on line 1191
[19-Jan-2026 22:53:03 UTC] PHP Warning:  Cannot modify header information - headers already sent in /Users/joanromero/Local Sites/cdc-gestion/app/public/wp-includes/pluggable.php on line 1189
[19-Jan-2026 22:53:03 UTC] PHP Warning:  Cannot modify header information - headers already sent in /Users/joanromero/Local Sites/cdc-gestion/app/public/wp-includes/pluggable.php on line 1190
[19-Jan-2026 22:53:03 UTC] PHP Warning:  Cannot modify header information - headers already sent in /Users/joanromero/Local Sites/cdc-gestion/app/public/wp-includes/pluggable.php on line 1191
[19-Jan-2026 22:53:12 UTC] PHP Warning:  Cannot modify header information - headers already sent in /Users/joanromero/Local Sites/cdc-gestion/app/public/wp-includes/pluggable.php on line 1189
[19-Jan-2026 22:53:12 UTC] PHP Warning:  Cannot modify header information - headers already sent in /Users/joanromero/Local Sites/cdc-gestion/app/public/wp-includes/pluggable.php on line 1190
[19-Jan-2026 22:53:12 UTC] PHP Warning:  Cannot modify header information - headers already sent in /Users/joanromero/Local Sites/cdc-gestion/app/public/wp-includes/pluggable.php on line 1191
[19-Jan-2026 23:09:36 UTC] PHP Warning:  Cannot modify header information - headers already sent in /Users/joanromero/Local Sites/cdc-gestion/app/public/wp-includes/pluggable.php on line 1189
[19-Jan-2026 23:09:36 UTC] PHP Warning:  Cannot modify header information - headers already sent in /Users/joanromero/Local Sites/cdc-gestion/app/public/wp-includes/pluggable.php on line 1190
[19-Jan-2026 23:09:36 UTC] PHP Warning:  Cannot modify header information - headers already sent in /Users/joanromero/Local Sites/cdc-gestion/app/public/wp-includes/pluggable.php on line 1191
[19-Jan-2026 23:25:42 UTC] PHP Warning:  Cannot modify header information - headers already sent in /Users/joanromero/Local Sites/cdc-gestion/app/public/wp-includes/pluggable.php on line 1189
[19-Jan-2026 23:25:42 UTC] PHP Warning:  Cannot modify header information - headers already sent in /Users/joanromero/Local Sites/cdc-gestion/app/public/wp-includes/pluggable.php on line 1190
[19-Jan-2026 23:25:42 UTC] PHP Warning:  Cannot modify header information - headers already sent in /Users/joanromero/Local Sites/cdc-gestion/app/public/wp-includes/pluggable.php on line 1191
[19-Jan-2026 23:44:54 UTC] PHP Warning:  Cannot modify header information - headers already sent in /Users/joanromero/Local Sites/cdc-gestion/app/public/wp-includes/pluggable.php on line 1189
[19-Jan-2026 23:44:54 UTC] PHP Warning:  Cannot modify header information - headers already sent in /Users/joanromero/Local Sites/cdc-gestion/app/public/wp-includes/pluggable.php on line 1190
[19-Jan-2026 23:44:54 UTC] PHP Warning:  Cannot modify header information - headers already sent in /Users/joanromero/Local Sites/cdc-gestion/app/public/wp-includes/pluggable.php on line 1191
[20-Jan-2026 00:03:16 UTC] PHP Warning:  Cannot modify header information - headers already sent in /Users/joanromero/Local Sites/cdc-gestion/app/public/wp-includes/pluggable.php on line 1189
[20-Jan-2026 00:03:16 UTC] PHP Warning:  Cannot modify header information - headers already sent in /Users/joanromero/Local Sites/cdc-gestion/app/public/wp-includes/pluggable.php on line 1190
[20-Jan-2026 00:03:16 UTC] PHP Warning:  Cannot modify header information - headers already sent in /Users/joanromero/Local Sites/cdc-gestion/app/public/wp-includes/pluggable.php on line 1191
[20-Jan-2026 00:20:24 UTC] PHP Warning:  Cannot modify header information - headers already sent in /Users/joanromero/Local Sites/cdc-gestion/app/public/wp-includes/pluggable.php on line 1189
[20-Jan-2026 00:20:24 UTC] PHP Warning:  Cannot modify header information - headers already sent in /Users/joanromero/Local Sites/cdc-gestion/app/public/wp-includes/pluggable.php on line 1190
[20-Jan-2026 00:20:24 UTC] PHP Warning:  Cannot modify header information - headers already sent in /Users/joanromero/Local Sites/cdc-gestion/app/public/wp-includes/pluggable.php on line 1191
[20-Jan-2026 00:37:32 UTC] PHP Warning:  Cannot modify header information - headers already sent in /Users/joanromero/Local Sites/cdc-gestion/app/public/wp-includes/pluggable.php on line 1189
[20-Jan-2026 00:37:32 UTC] PHP Warning:  Cannot modify header information - headers already sent in /Users/joanromero/Local Sites/cdc-gestion/app/public/wp-includes/pluggable.php on line 1190
[20-Jan-2026 00:37:32 UTC] PHP Warning:  Cannot modify header information - headers already sent in /Users/joanromero/Local Sites/cdc-gestion/app/public/wp-includes/pluggable.php on line 1191
[20-Jan-2026 00:46:29 UTC] PHP Warning:  Cannot modify header information - headers already sent in /Users/joanromero/Local Sites/cdc-gestion/app/public/wp-includes/pluggable.php on line 1189
[20-Jan-2026 00:46:29 UTC] PHP Warning:  Cannot modify header information - headers already sent in /Users/joanromero/Local Sites/cdc-gestion/app/public/wp-includes/pluggable.php on line 1190
[20-Jan-2026 00:46:29 UTC] PHP Warning:  Cannot modify header information - headers already sent in /Users/joanromero/Local Sites/cdc-gestion/app/public/wp-includes/pluggable.php on line 1191
[20-Jan-2026 01:19:11 UTC] PHP Warning:  Cannot modify header information - headers already sent in /Users/joanromero/Local Sites/cdc-gestion/app/public/wp-includes/pluggable.php on line 1189
[20-Jan-2026 01:19:11 UTC] PHP Warning:  Cannot modify header information - headers already sent in /Users/joanromero/Local Sites/cdc-gestion/app/public/wp-includes/pluggable.php on line 1190
[20-Jan-2026 01:19:11 UTC] PHP Warning:  Cannot modify header information - headers already sent in /Users/joanromero/Local Sites/cdc-gestion/app/public/wp-includes/pluggable.php on line 1191
[20-Jan-2026 02:10:32 UTC] PHP Warning:  Cannot modify header information - headers already sent in /Users/joanromero/Local Sites/cdc-gestion/app/public/wp-includes/pluggable.php on line 1189
[20-Jan-2026 02:10:32 UTC] PHP Warning:  Cannot modify header information - headers already sent in /Users/joanromero/Local Sites/cdc-gestion/app/public/wp-includes/pluggable.php on line 1190
[20-Jan-2026 02:10:32 UTC] PHP Warning:  Cannot modify header information - headers already sent in /Users/joanromero/Local Sites/cdc-gestion/app/public/wp-includes/pluggable.php on line 1191
[20-Jan-2026 04:52:56 UTC] PHP Warning:  Cannot modify header information - headers already sent in /Users/joanromero/Local Sites/cdc-gestion/app/public/wp-includes/pluggable.php on line 1189
[20-Jan-2026 04:52:56 UTC] PHP Warning:  Cannot modify header information - headers already sent in /Users/joanromero/Local Sites/cdc-gestion/app/public/wp-includes/pluggable.php on line 1190
[20-Jan-2026 04:52:56 UTC] PHP Warning:  Cannot modify header information - headers already sent in /Users/joanromero/Local Sites/cdc-gestion/app/public/wp-includes/pluggable.php on line 1191
[20-Jan-2026 06:24:21 UTC] PHP Warning:  Cannot modify header information - headers already sent in /Users/joanromero/Local Sites/cdc-gestion/app/public/wp-includes/pluggable.php on line 1189
[20-Jan-2026 06:24:21 UTC] PHP Warning:  Cannot modify header information - headers already sent in /Users/joanromero/Local Sites/cdc-gestion/app/public/wp-includes/pluggable.php on line 1190
[20-Jan-2026 06:24:21 UTC] PHP Warning:  Cannot modify header information - headers already sent in /Users/joanromero/Local Sites/cdc-gestion/app/public/wp-includes/pluggable.php on line 1191
[20-Jan-2026 09:42:12 UTC] PHP Warning:  Cannot modify header information - headers already sent in /Users/joanromero/Local Sites/cdc-gestion/app/public/wp-includes/pluggable.php on line 1189
[20-Jan-2026 09:42:12 UTC] PHP Warning:  Cannot modify header information - headers already sent in /Users/joanromero/Local Sites/cdc-gestion/app/public/wp-includes/pluggable.php on line 1190
[20-Jan-2026 09:42:12 UTC] PHP Warning:  Cannot modify header information - headers already sent in /Users/joanromero/Local Sites/cdc-gestion/app/public/wp-includes/pluggable.php on line 1191
[20-Jan-2026 12:25:41 UTC] PHP Warning:  Cannot modify header information - headers already sent in /Users/joanromero/Local Sites/cdc-gestion/app/public/wp-includes/pluggable.php on line 1189
[20-Jan-2026 12:25:41 UTC] PHP Warning:  Cannot modify header information - headers already sent in /Users/joanromero/Local Sites/cdc-gestion/app/public/wp-includes/pluggable.php on line 1189
[20-Jan-2026 12:25:41 UTC] PHP Warning:  Cannot modify header information - headers already sent in /Users/joanromero/Local Sites/cdc-gestion/app/public/wp-includes/pluggable.php on line 1190
[20-Jan-2026 12:25:41 UTC] PHP Warning:  Cannot modify header information - headers already sent in /Users/joanromero/Local Sites/cdc-gestion/app/public/wp-includes/pluggable.php on line 1190
[20-Jan-2026 12:25:41 UTC] PHP Warning:  Cannot modify header information - headers already sent in /Users/joanromero/Local Sites/cdc-gestion/app/public/wp-includes/pluggable.php on line 1191
[20-Jan-2026 12:25:41 UTC] PHP Warning:  Cannot modify header information - headers already sent in /Users/joanromero/Local Sites/cdc-gestion/app/public/wp-includes/pluggable.php on line 1191
[20-Jan-2026 12:25:41 UTC] PHP Warning:  Cannot modify header information - headers already sent in /Users/joanromero/Local Sites/cdc-gestion/app/public/wp-includes/pluggable.php on line 1189
[20-Jan-2026 12:25:41 UTC] PHP Warning:  Cannot modify header information - headers already sent in /Users/joanromero/Local Sites/cdc-gestion/app/public/wp-includes/pluggable.php on line 1190
[20-Jan-2026 12:25:41 UTC] PHP Warning:  Cannot modify header information - headers already sent in /Users/joanromero/Local Sites/cdc-gestion/app/public/wp-includes/pluggable.php on line 1191
[20-Jan-2026 14:51:20 UTC] PHP Warning:  Cannot modify header information - headers already sent in /Users/joanromero/Local Sites/cdc-gestion/app/public/wp-includes/pluggable.php on line 1189
[20-Jan-2026 14:51:20 UTC] PHP Warning:  Cannot modify header information - headers already sent in /Users/joanromero/Local Sites/cdc-gestion/app/public/wp-includes/pluggable.php on line 1190
[20-Jan-2026 14:51:20 UTC] PHP Warning:  Cannot modify header information - headers already sent in /Users/joanromero/Local Sites/cdc-gestion/app/public/wp-includes/pluggable.php on line 1191
[20-Jan-2026 16:39:20 UTC] PHP Warning:  Cannot modify header information - headers already sent in /Users/joanromero/Local Sites/cdc-gestion/app/public/wp-includes/pluggable.php on line 1189
[20-Jan-2026 16:39:20 UTC] PHP Warning:  Cannot modify header information - headers already sent in /Users/joanromero/Local Sites/cdc-gestion/app/public/wp-includes/pluggable.php on line 1190
[20-Jan-2026 16:39:20 UTC] PHP Warning:  Cannot modify header information - headers already sent in /Users/joanromero/Local Sites/cdc-gestion/app/public/wp-includes/pluggable.php on line 1191
[20-Jan-2026 19:08:16 UTC] PHP Warning:  Cannot modify header information - headers already sent in /Users/joanromero/Local Sites/cdc-gestion/app/public/wp-includes/pluggable.php on line 1189
[20-Jan-2026 19:08:16 UTC] PHP Warning:  Cannot modify header information - headers already sent in /Users/joanromero/Local Sites/cdc-gestion/app/public/wp-includes/pluggable.php on line 1190
[20-Jan-2026 19:08:16 UTC] PHP Warning:  Cannot modify header information - headers already sent in /Users/joanromero/Local Sites/cdc-gestion/app/public/wp-includes/pluggable.php on line 1191
[20-Jan-2026 19:21:27 UTC] PHP Warning:  Cannot modify header information - headers already sent in /Users/joanromero/Local Sites/cdc-gestion/app/public/wp-includes/pluggable.php on line 1189
[20-Jan-2026 19:21:27 UTC] PHP Warning:  Cannot modify header information - headers already sent in /Users/joanromero/Local Sites/cdc-gestion/app/public/wp-includes/pluggable.php on line 1190
[20-Jan-2026 19:21:27 UTC] PHP Warning:  Cannot modify header information - headers already sent in /Users/joanromero/Local Sites/cdc-gestion/app/public/wp-includes/pluggable.php on line 1191
[20-Jan-2026 19:21:37 UTC] PHP Warning:  Cannot modify header information - headers already sent in /Users/joanromero/Local Sites/cdc-gestion/app/public/wp-includes/pluggable.php on line 1189
[20-Jan-2026 19:21:37 UTC] PHP Warning:  Cannot modify header information - headers already sent in /Users/joanromero/Local Sites/cdc-gestion/app/public/wp-includes/pluggable.php on line 1190
[20-Jan-2026 19:21:37 UTC] PHP Warning:  Cannot modify header information - headers already sent in /Users/joanromero/Local Sites/cdc-gestion/app/public/wp-includes/pluggable.php on line 1191
[20-Jan-2026 19:46:03 UTC] PHP Warning:  Cannot modify header information - headers already sent in /Users/joanromero/Local Sites/cdc-gestion/app/public/wp-includes/pluggable.php on line 1189
[20-Jan-2026 19:46:03 UTC] PHP Warning:  Cannot modify header information - headers already sent in /Users/joanromero/Local Sites/cdc-gestion/app/public/wp-includes/pluggable.php on line 1190
[20-Jan-2026 19:46:03 UTC] PHP Warning:  Cannot modify header information - headers already sent in /Users/joanromero/Local Sites/cdc-gestion/app/public/wp-includes/pluggable.php on line 1191
[20-Jan-2026 20:24:52 UTC] PHP Warning:  Cannot modify header information - headers already sent in /Users/joanromero/Local Sites/cdc-gestion/app/public/wp-includes/pluggable.php on line 1189
[20-Jan-2026 20:24:52 UTC] PHP Warning:  Cannot modify header information - headers already sent in /Users/joanromero/Local Sites/cdc-gestion/app/public/wp-includes/pluggable.php on line 1190
[20-Jan-2026 20:24:52 UTC] PHP Warning:  Cannot modify header information - headers already sent in /Users/joanromero/Local Sites/cdc-gestion/app/public/wp-includes/pluggable.php on line 1191
[20-Jan-2026 20:25:37 UTC] PHP Warning:  Cannot modify header information - headers already sent in /Users/joanromero/Local Sites/cdc-gestion/app/public/wp-includes/pluggable.php on line 1189
[20-Jan-2026 20:25:37 UTC] PHP Warning:  Cannot modify header information - headers already sent in /Users/joanromero/Local Sites/cdc-gestion/app/public/wp-includes/pluggable.php on line 1190
[20-Jan-2026 20:25:37 UTC] PHP Warning:  Cannot modify header information - headers already sent in /Users/joanromero/Local Sites/cdc-gestion/app/public/wp-includes/pluggable.php on line 1191
[20-Jan-2026 23:44:01 UTC] PHP Warning:  Cannot modify header information - headers already sent in /Users/joanromero/Local Sites/cdc-gestion/app/public/wp-includes/pluggable.php on line 1189
[20-Jan-2026 23:44:01 UTC] PHP Warning:  Cannot modify header information - headers already sent in /Users/joanromero/Local Sites/cdc-gestion/app/public/wp-includes/pluggable.php on line 1190
[20-Jan-2026 23:44:01 UTC] PHP Warning:  Cannot modify header information - headers already sent in /Users/joanromero/Local Sites/cdc-gestion/app/public/wp-includes/pluggable.php on line 1191
[20-Jan-2026 23:44:12 UTC] PHP Warning:  Cannot modify header information - headers already sent in /Users/joanromero/Local Sites/cdc-gestion/app/public/wp-includes/pluggable.php on line 1189
[20-Jan-2026 23:44:12 UTC] PHP Warning:  Cannot modify header information - headers already sent in /Users/joanromero/Local Sites/cdc-gestion/app/public/wp-includes/pluggable.php on line 1190
[20-Jan-2026 23:44:12 UTC] PHP Warning:  Cannot modify header information - headers already sent in /Users/joanromero/Local Sites/cdc-gestion/app/public/wp-includes/pluggable.php on line 1191
[20-Jan-2026 23:48:31 UTC] PHP Warning:  Cannot modify header information - headers already sent in /Users/joanromero/Local Sites/cdc-gestion/app/public/wp-includes/pluggable.php on line 1189
[20-Jan-2026 23:48:31 UTC] PHP Warning:  Cannot modify header information - headers already sent in /Users/joanromero/Local Sites/cdc-gestion/app/public/wp-includes/pluggable.php on line 1190
[20-Jan-2026 23:48:31 UTC] PHP Warning:  Cannot modify header information - headers already sent in /Users/joanromero/Local Sites/cdc-gestion/app/public/wp-includes/pluggable.php on line 1191
[20-Jan-2026 23:48:38 UTC] WordPress database error Cannot add or update a child row: a foreign key constraint fails (`local`.`wp_cdc_cuota_socio`, CONSTRAINT `wp_cdc_cuota_socio_ibfk_1` FOREIGN KEY (`socio_id`) REFERENCES `wp_cdc_persona` (`id`) ON DELETE CASCADE) for query INSERT INTO `wp_cdc_cuota_socio` (`persona_id`, `anio`, `mes`, `monto`, `pagada`, `created_at`, `updated_at`) VALUES ('5', '2026', '1', '0', '0', '2026-01-20 23:48:38', '2026-01-20 23:48:38') made by require('wp-blog-header.php'), wp, WP->main, WP->parse_request, do_action_ref_array('parse_request'), WP_Hook->do_action, WP_Hook->apply_filters, rest_api_loaded, WP_REST_Server->serve_request, WP_REST_Server->dispatch, WP_REST_Server->respond_to_request, CDC_Personas_Controller->create_item, CDC_Persona_Service->create_persona, CDC_Persona_Service->generate_cuotas_socio, CDC_Cuota_Socio->generate_cuotas_year, CDC_Base_Model->create
[20-Jan-2026 23:48:38 UTC] WordPress database error Cannot add or update a child row: a foreign key constraint fails (`local`.`wp_cdc_cuota_socio`, CONSTRAINT `wp_cdc_cuota_socio_ibfk_1` FOREIGN KEY (`socio_id`) REFERENCES `wp_cdc_persona` (`id`) ON DELETE CASCADE) for query INSERT INTO `wp_cdc_cuota_socio` (`persona_id`, `anio`, `mes`, `monto`, `pagada`, `created_at`, `updated_at`) VALUES ('5', '2026', '2', '0', '0', '2026-01-20 23:48:38', '2026-01-20 23:48:38') made by require('wp-blog-header.php'), wp, WP->main, WP->parse_request, do_action_ref_array('parse_request'), WP_Hook->do_action, WP_Hook->apply_filters, rest_api_loaded, WP_REST_Server->serve_request, WP_REST_Server->dispatch, WP_REST_Server->respond_to_request, CDC_Personas_Controller->create_item, CDC_Persona_Service->create_persona, CDC_Persona_Service->generate_cuotas_socio, CDC_Cuota_Socio->generate_cuotas_year, CDC_Base_Model->create
[20-Jan-2026 23:48:38 UTC] WordPress database error Cannot add or update a child row: a foreign key constraint fails (`local`.`wp_cdc_cuota_socio`, CONSTRAINT `wp_cdc_cuota_socio_ibfk_1` FOREIGN KEY (`socio_id`) REFERENCES `wp_cdc_persona` (`id`) ON DELETE CASCADE) for query INSERT INTO `wp_cdc_cuota_socio` (`persona_id`, `anio`, `mes`, `monto`, `pagada`, `created_at`, `updated_at`) VALUES ('5', '2026', '3', '0', '0', '2026-01-20 23:48:38', '2026-01-20 23:48:38') made by require('wp-blog-header.php'), wp, WP->main, WP->parse_request, do_action_ref_array('parse_request'), WP_Hook->do_action, WP_Hook->apply_filters, rest_api_loaded, WP_REST_Server->serve_request, WP_REST_Server->dispatch, WP_REST_Server->respond_to_request, CDC_Personas_Controller->create_item, CDC_Persona_Service->create_persona, CDC_Persona_Service->generate_cuotas_socio, CDC_Cuota_Socio->generate_cuotas_year, CDC_Base_Model->create
[20-Jan-2026 23:48:38 UTC] WordPress database error Cannot add or update a child row: a foreign key constraint fails (`local`.`wp_cdc_cuota_socio`, CONSTRAINT `wp_cdc_cuota_socio_ibfk_1` FOREIGN KEY (`socio_id`) REFERENCES `wp_cdc_persona` (`id`) ON DELETE CASCADE) for query INSERT INTO `wp_cdc_cuota_socio` (`persona_id`, `anio`, `mes`, `monto`, `pagada`, `created_at`, `updated_at`) VALUES ('5', '2026', '4', '0', '0', '2026-01-20 23:48:38', '2026-01-20 23:48:38') made by require('wp-blog-header.php'), wp, WP->main, WP->parse_request, do_action_ref_array('parse_request'), WP_Hook->do_action, WP_Hook->apply_filters, rest_api_loaded, WP_REST_Server->serve_request, WP_REST_Server->dispatch, WP_REST_Server->respond_to_request, CDC_Personas_Controller->create_item, CDC_Persona_Service->create_persona, CDC_Persona_Service->generate_cuotas_socio, CDC_Cuota_Socio->generate_cuotas_year, CDC_Base_Model->create
[20-Jan-2026 23:48:38 UTC] WordPress database error Cannot add or update a child row: a foreign key constraint fails (`local`.`wp_cdc_cuota_socio`, CONSTRAINT `wp_cdc_cuota_socio_ibfk_1` FOREIGN KEY (`socio_id`) REFERENCES `wp_cdc_persona` (`id`) ON DELETE CASCADE) for query INSERT INTO `wp_cdc_cuota_socio` (`persona_id`, `anio`, `mes`, `monto`, `pagada`, `created_at`, `updated_at`) VALUES ('5', '2026', '5', '0', '0', '2026-01-20 23:48:38', '2026-01-20 23:48:38') made by require('wp-blog-header.php'), wp, WP->main, WP->parse_request, do_action_ref_array('parse_request'), WP_Hook->do_action, WP_Hook->apply_filters, rest_api_loaded, WP_REST_Server->serve_request, WP_REST_Server->dispatch, WP_REST_Server->respond_to_request, CDC_Personas_Controller->create_item, CDC_Persona_Service->create_persona, CDC_Persona_Service->generate_cuotas_socio, CDC_Cuota_Socio->generate_cuotas_year, CDC_Base_Model->create
[20-Jan-2026 23:48:38 UTC] WordPress database error Cannot add or update a child row: a foreign key constraint fails (`local`.`wp_cdc_cuota_socio`, CONSTRAINT `wp_cdc_cuota_socio_ibfk_1` FOREIGN KEY (`socio_id`) REFERENCES `wp_cdc_persona` (`id`) ON DELETE CASCADE) for query INSERT INTO `wp_cdc_cuota_socio` (`persona_id`, `anio`, `mes`, `monto`, `pagada`, `created_at`, `updated_at`) VALUES ('5', '2026', '6', '0', '0', '2026-01-20 23:48:38', '2026-01-20 23:48:38') made by require('wp-blog-header.php'), wp, WP->main, WP->parse_request, do_action_ref_array('parse_request'), WP_Hook->do_action, WP_Hook->apply_filters, rest_api_loaded, WP_REST_Server->serve_request, WP_REST_Server->dispatch, WP_REST_Server->respond_to_request, CDC_Personas_Controller->create_item, CDC_Persona_Service->create_persona, CDC_Persona_Service->generate_cuotas_socio, CDC_Cuota_Socio->generate_cuotas_year, CDC_Base_Model->create
[20-Jan-2026 23:48:38 UTC] WordPress database error Cannot add or update a child row: a foreign key constraint fails (`local`.`wp_cdc_cuota_socio`, CONSTRAINT `wp_cdc_cuota_socio_ibfk_1` FOREIGN KEY (`socio_id`) REFERENCES `wp_cdc_persona` (`id`) ON DELETE CASCADE) for query INSERT INTO `wp_cdc_cuota_socio` (`persona_id`, `anio`, `mes`, `monto`, `pagada`, `created_at`, `updated_at`) VALUES ('5', '2026', '7', '0', '0', '2026-01-20 23:48:38', '2026-01-20 23:48:38') made by require('wp-blog-header.php'), wp, WP->main, WP->parse_request, do_action_ref_array('parse_request'), WP_Hook->do_action, WP_Hook->apply_filters, rest_api_loaded, WP_REST_Server->serve_request, WP_REST_Server->dispatch, WP_REST_Server->respond_to_request, CDC_Personas_Controller->create_item, CDC_Persona_Service->create_persona, CDC_Persona_Service->generate_cuotas_socio, CDC_Cuota_Socio->generate_cuotas_year, CDC_Base_Model->create
[20-Jan-2026 23:48:38 UTC] WordPress database error Cannot add or update a child row: a foreign key constraint fails (`local`.`wp_cdc_cuota_socio`, CONSTRAINT `wp_cdc_cuota_socio_ibfk_1` FOREIGN KEY (`socio_id`) REFERENCES `wp_cdc_persona` (`id`) ON DELETE CASCADE) for query INSERT INTO `wp_cdc_cuota_socio` (`persona_id`, `anio`, `mes`, `monto`, `pagada`, `created_at`, `updated_at`) VALUES ('5', '2026', '8', '0', '0', '2026-01-20 23:48:38', '2026-01-20 23:48:38') made by require('wp-blog-header.php'), wp, WP->main, WP->parse_request, do_action_ref_array('parse_request'), WP_Hook->do_action, WP_Hook->apply_filters, rest_api_loaded, WP_REST_Server->serve_request, WP_REST_Server->dispatch, WP_REST_Server->respond_to_request, CDC_Personas_Controller->create_item, CDC_Persona_Service->create_persona, CDC_Persona_Service->generate_cuotas_socio, CDC_Cuota_Socio->generate_cuotas_year, CDC_Base_Model->create
[20-Jan-2026 23:48:38 UTC] WordPress database error Cannot add or update a child row: a foreign key constraint fails (`local`.`wp_cdc_cuota_socio`, CONSTRAINT `wp_cdc_cuota_socio_ibfk_1` FOREIGN KEY (`socio_id`) REFERENCES `wp_cdc_persona` (`id`) ON DELETE CASCADE) for query INSERT INTO `wp_cdc_cuota_socio` (`persona_id`, `anio`, `mes`, `monto`, `pagada`, `created_at`, `updated_at`) VALUES ('5', '2026', '9', '0', '0', '2026-01-20 23:48:38', '2026-01-20 23:48:38') made by require('wp-blog-header.php'), wp, WP->main, WP->parse_request, do_action_ref_array('parse_request'), WP_Hook->do_action, WP_Hook->apply_filters, rest_api_loaded, WP_REST_Server->serve_request, WP_REST_Server->dispatch, WP_REST_Server->respond_to_request, CDC_Personas_Controller->create_item, CDC_Persona_Service->create_persona, CDC_Persona_Service->generate_cuotas_socio, CDC_Cuota_Socio->generate_cuotas_year, CDC_Base_Model->create
[20-Jan-2026 23:48:38 UTC] WordPress database error Cannot add or update a child row: a foreign key constraint fails (`local`.`wp_cdc_cuota_socio`, CONSTRAINT `wp_cdc_cuota_socio_ibfk_1` FOREIGN KEY (`socio_id`) REFERENCES `wp_cdc_persona` (`id`) ON DELETE CASCADE) for query INSERT INTO `wp_cdc_cuota_socio` (`persona_id`, `anio`, `mes`, `monto`, `pagada`, `created_at`, `updated_at`) VALUES ('5', '2026', '10', '0', '0', '2026-01-20 23:48:38', '2026-01-20 23:48:38') made by require('wp-blog-header.php'), wp, WP->main, WP->parse_request, do_action_ref_array('parse_request'), WP_Hook->do_action, WP_Hook->apply_filters, rest_api_loaded, WP_REST_Server->serve_request, WP_REST_Server->dispatch, WP_REST_Server->respond_to_request, CDC_Personas_Controller->create_item, CDC_Persona_Service->create_persona, CDC_Persona_Service->generate_cuotas_socio, CDC_Cuota_Socio->generate_cuotas_year, CDC_Base_Model->create
[20-Jan-2026 23:48:38 UTC] WordPress database error Cannot add or update a child row: a foreign key constraint fails (`local`.`wp_cdc_cuota_socio`, CONSTRAINT `wp_cdc_cuota_socio_ibfk_1` FOREIGN KEY (`socio_id`) REFERENCES `wp_cdc_persona` (`id`) ON DELETE CASCADE) for query INSERT INTO `wp_cdc_cuota_socio` (`persona_id`, `anio`, `mes`, `monto`, `pagada`, `created_at`, `updated_at`) VALUES ('5', '2026', '11', '0', '0', '2026-01-20 23:48:38', '2026-01-20 23:48:38') made by require('wp-blog-header.php'), wp, WP->main, WP->parse_request, do_action_ref_array('parse_request'), WP_Hook->do_action, WP_Hook->apply_filters, rest_api_loaded, WP_REST_Server->serve_request, WP_REST_Server->dispatch, WP_REST_Server->respond_to_request, CDC_Personas_Controller->create_item, CDC_Persona_Service->create_persona, CDC_Persona_Service->generate_cuotas_socio, CDC_Cuota_Socio->generate_cuotas_year, CDC_Base_Model->create
[20-Jan-2026 23:48:38 UTC] WordPress database error Cannot add or update a child row: a foreign key constraint fails (`local`.`wp_cdc_cuota_socio`, CONSTRAINT `wp_cdc_cuota_socio_ibfk_1` FOREIGN KEY (`socio_id`) REFERENCES `wp_cdc_persona` (`id`) ON DELETE CASCADE) for query INSERT INTO `wp_cdc_cuota_socio` (`persona_id`, `anio`, `mes`, `monto`, `pagada`, `created_at`, `updated_at`) VALUES ('5', '2026', '12', '0', '0', '2026-01-20 23:48:38', '2026-01-20 23:48:38') made by require('wp-blog-header.php'), wp, WP->main, WP->parse_request, do_action_ref_array('parse_request'), WP_Hook->do_action, WP_Hook->apply_filters, rest_api_loaded, WP_REST_Server->serve_request, WP_REST_Server->dispatch, WP_REST_Server->respond_to_request, CDC_Personas_Controller->create_item, CDC_Persona_Service->create_persona, CDC_Persona_Service->generate_cuotas_socio, CDC_Cuota_Socio->generate_cuotas_year, CDC_Base_Model->create
[20-Jan-2026 23:48:38 UTC] PHP Warning:  Cannot modify header information - headers already sent in /Users/joanromero/Local Sites/cdc-gestion/app/public/wp-includes/pluggable.php on line 1189
[20-Jan-2026 23:48:38 UTC] PHP Warning:  Cannot modify header information - headers already sent in /Users/joanromero/Local Sites/cdc-gestion/app/public/wp-includes/pluggable.php on line 1190
[20-Jan-2026 23:48:38 UTC] PHP Warning:  Cannot modify header information - headers already sent in /Users/joanromero/Local Sites/cdc-gestion/app/public/wp-includes/pluggable.php on line 1191
[21-Jan-2026 00:22:24 UTC] PHP Warning:  Cannot modify header information - headers already sent in /Users/joanromero/Local Sites/cdc-gestion/app/public/wp-includes/pluggable.php on line 1189
[21-Jan-2026 00:22:24 UTC] PHP Warning:  Cannot modify header information - headers already sent in /Users/joanromero/Local Sites/cdc-gestion/app/public/wp-includes/pluggable.php on line 1190
[21-Jan-2026 00:22:24 UTC] PHP Warning:  Cannot modify header information - headers already sent in /Users/joanromero/Local Sites/cdc-gestion/app/public/wp-includes/pluggable.php on line 1191
[21-Jan-2026 00:49:13 UTC] PHP Warning:  Cannot modify header information - headers already sent in /Users/joanromero/Local Sites/cdc-gestion/app/public/wp-includes/pluggable.php on line 1189
[21-Jan-2026 00:49:13 UTC] PHP Warning:  Cannot modify header information - headers already sent in /Users/joanromero/Local Sites/cdc-gestion/app/public/wp-includes/pluggable.php on line 1190
[21-Jan-2026 00:49:14 UTC] PHP Warning:  Cannot modify header information - headers already sent in /Users/joanromero/Local Sites/cdc-gestion/app/public/wp-includes/pluggable.php on line 1191
[21-Jan-2026 02:32:44 UTC] PHP Warning:  Cannot modify header information - headers already sent in /Users/joanromero/Local Sites/cdc-gestion/app/public/wp-includes/pluggable.php on line 1189
[21-Jan-2026 02:32:44 UTC] PHP Warning:  Cannot modify header information - headers already sent in /Users/joanromero/Local Sites/cdc-gestion/app/public/wp-includes/pluggable.php on line 1190
[21-Jan-2026 02:32:44 UTC] PHP Warning:  Cannot modify header information - headers already sent in /Users/joanromero/Local Sites/cdc-gestion/app/public/wp-includes/pluggable.php on line 1191
[21-Jan-2026 04:41:28 UTC] PHP Warning:  Cannot modify header information - headers already sent in /Users/joanromero/Local Sites/cdc-gestion/app/public/wp-includes/pluggable.php on line 1189
[21-Jan-2026 04:41:28 UTC] PHP Warning:  Cannot modify header information - headers already sent in /Users/joanromero/Local Sites/cdc-gestion/app/public/wp-includes/pluggable.php on line 1190
[21-Jan-2026 04:41:28 UTC] PHP Warning:  Cannot modify header information - headers already sent in /Users/joanromero/Local Sites/cdc-gestion/app/public/wp-includes/pluggable.php on line 1191
[21-Jan-2026 12:51:15 UTC] PHP Warning:  Cannot modify header information - headers already sent in /Users/joanromero/Local Sites/cdc-gestion/app/public/wp-includes/pluggable.php on line 1189
[21-Jan-2026 12:51:15 UTC] PHP Warning:  Cannot modify header information - headers already sent in /Users/joanromero/Local Sites/cdc-gestion/app/public/wp-includes/pluggable.php on line 1190
[21-Jan-2026 12:51:15 UTC] PHP Warning:  Cannot modify header information - headers already sent in /Users/joanromero/Local Sites/cdc-gestion/app/public/wp-includes/pluggable.php on line 1191
[21-Jan-2026 12:51:37 UTC] PHP Warning:  Cannot modify header information - headers already sent in /Users/joanromero/Local Sites/cdc-gestion/app/public/wp-includes/pluggable.php on line 1189
[21-Jan-2026 12:51:37 UTC] PHP Warning:  Cannot modify header information - headers already sent in /Users/joanromero/Local Sites/cdc-gestion/app/public/wp-includes/pluggable.php on line 1190
[21-Jan-2026 12:51:37 UTC] PHP Warning:  Cannot modify header information - headers already sent in /Users/joanromero/Local Sites/cdc-gestion/app/public/wp-includes/pluggable.php on line 1191
[21-Jan-2026 12:59:58 UTC] PHP Warning:  Cannot modify header information - headers already sent in /Users/joanromero/Local Sites/cdc-gestion/app/public/wp-includes/pluggable.php on line 1189
[21-Jan-2026 12:59:58 UTC] PHP Warning:  Cannot modify header information - headers already sent in /Users/joanromero/Local Sites/cdc-gestion/app/public/wp-includes/pluggable.php on line 1190
[21-Jan-2026 12:59:58 UTC] PHP Warning:  Cannot modify header information - headers already sent in /Users/joanromero/Local Sites/cdc-gestion/app/public/wp-includes/pluggable.php on line 1191
[21-Jan-2026 13:53:52 UTC] PHP Warning:  Cannot modify header information - headers already sent in /Users/joanromero/Local Sites/cdc-gestion/app/public/wp-includes/pluggable.php on line 1189
[21-Jan-2026 13:53:52 UTC] PHP Warning:  Cannot modify header information - headers already sent in /Users/joanromero/Local Sites/cdc-gestion/app/public/wp-includes/pluggable.php on line 1190
[21-Jan-2026 13:53:52 UTC] PHP Warning:  Cannot modify header information - headers already sent in /Users/joanromero/Local Sites/cdc-gestion/app/public/wp-includes/pluggable.php on line 1191
[21-Jan-2026 13:56:10 UTC] PHP Warning:  Cannot modify header information - headers already sent in /Users/joanromero/Local Sites/cdc-gestion/app/public/wp-includes/pluggable.php on line 1189
[21-Jan-2026 13:56:10 UTC] PHP Warning:  Cannot modify header information - headers already sent in /Users/joanromero/Local Sites/cdc-gestion/app/public/wp-includes/pluggable.php on line 1190
[21-Jan-2026 13:56:10 UTC] PHP Warning:  Cannot modify header information - headers already sent in /Users/joanromero/Local Sites/cdc-gestion/app/public/wp-includes/pluggable.php on line 1191
